"id";"year";"text"
"1";"1918";"В селе Красное была открыта 3-х классная школа. Первым учителем был отставной ветеринарный врач Сицилов. Затем приехала учительница Селезнёва Варвара Гавриловна, энергичная, строгая, хорошо знающая своё дело. Она в течении трех лет обучала детей грамоте."
"2";"1919";"Иностранная интервенция/оккупация"
"3";"1921";"В районном центре поселке Керби и приисковом посёлке Веселая Горка появились школы первой ступени, или как мы их сейчас называем – начальные. Факт открытия школы в пос.Веселая Горка подтверждает сохранившийся в районном музее паспорт Весёлогорской школы, где отмечено: «Год основания школы -1921»."
"4";"1922";"Открылась школа. К учебе приступили 406 учеников, а к их обучению – 12 преподавателей. До 1917 г. на территории расселения нивхов не было ни одной школы, ни одного медицинского учреждения, клуба, библиотеки. Система народного образования начала создаваться при установлении Советской власти на Дальнем Востоке."
"5";"1922";"Открывается волостной стол ЗАГС."
"6";"1922";"Открывается городская народная библиотека. С ноября в Николаевском округе открываются первые сельские избы-читальни."
"7";"1922";"Начала действовать временная телефонная связь военного образца, соединившая все государственные, военные учреждения и большую часть промышленных предприятий."
"8";"1922";"Численность населения города возросла с одной тысячи до 5,1 тысяч человек."
"9";"1922";"Работает уездно-городская больница на 10 коек с оказанием амбулаторной помощи. В ведомстве работает 1 врач."
"10";"1922";"Образована Удско-Кербинская уездная рабоче-крестьянская милиция в составе двух участков: в с. Киселёвка (потом переведён в с. Мариинское) и в пос. Керби."
"11";"1923";"На дальневосточной конференции ВКП(б) была поставлена задача: в каждом уезде организовать не менее 5 изб-читален и клубов, которые должны стать очагами культуры, ликвидации безграмотности и малограмотности населения и политического просвещения."
"12";"1923";"С помощью городской общественности в1923 году была создана городская пожарная команда."
"13";"1923";"Коечный фонд больницы увеличен до 20 коек, в числе которых выделены 11 коек терапевтического, 3 – хирургического профиля, 1 родильная и пять заразных коек."
"14";"1923";"В Николаевске открылось 3 школы (три школы первой ступени – 415 учеников; одна – средняя школа – 85 учащихся). По другим данным («Города Хабаровского края, стр. 333) в Николаевском уезде было открыто 23 школы, в т.ч. в Николаевске 3 школы первой ступени, в которых обучалось 415 детей и одна средняя школа на 85 учащихся."
"15";"1923";"Учреждён Николаевский морской порт. Началось восстановление мастерских порта."
"16";"1923";"Открыта первая национальная школа в нивсхом стойбище Чардбах."
"17";"1923";"В с. Красное организовалась первая трудовая кооперативная артель."
"18";"1924";"Пущена в строй временная электростанция."
"19";"1924";"Восстановлены и введены в эксплуатацию все телефонные столбы, спиленные японцами во время окупации, на участках Николаевск-о. Лангр и Николаевск-м. Джаоре (53,34 км. линий)."
"20";"1924";"Из Владивостока доставлен плавучий подъёмный кран."
"21";"1924";"В городе организовано промышленное акционерное общество “Приамурское золото”."
"22";"1924";"Оборудована городская и уездная больница на 20 коек, при ней амбулатория. Штат врачей больницы увеличился до 4."
"23";"1924";"Приведён в порядок городской сад, сделано дополнительное насаждение деревьев и пр. Организован водовозный обоз на 4 бочки, полностью удовлетворяющий население города питьевой водой."
"24";"1924";"Вышел первый номер ежедневной газеты «Красный Усть-Амурец» укома РКП(б) и уисполкома. В октябре 1925 г. переименована в Красный маяк, а в 1962 г. – в Ленинское знамя."
"25";"1924";"Образован пожарный обоз, состоящий из 5 водоподающих машин, одного багрового хода и 2 бочек (всего 11 лошадей). Обоз полностью обслуживает город."
"26";"1924";"Штат врачей больницы увеличился до 6."
"27";"1924";"Достроено здание почты."
"28";"1924";"Смонтирована и введена в эксплуатацию радиостанция. Станция уверенно осуществляла приём всех европейских столиц."
"29";"1924";"В с. Красном была организована комсомольская ячейка, в которую вначале входило 4 человека: Дмитрий Кочергин, Виктор Евсюков, Анна Ступина и Нелюбов Иван. В маленькой комнате располагалась изба-читальня. Здесь, помимо полок с книгами, стоял стол, два стареньких стула и тумбочка. Каждый вечер тут было очень людно. Члены комсомольской ячейки проводили вечера с докладами и политинформациями. В школу ликбеза ходили учиться крестьяне и крестьянки села. Ставили спектакли, причём к их постановке удалось привлечь и пожилых жителей деревни."
"30";"1924";"3х классная школа располагалась в здании казармы артиллеристов Николаевской крепости, здесь же – клуб, а при нём открыта изба читальня."
"32";"1924";"В 1924-25 годах в Маго организуется производство по экспорту леса. Это благоприятно сказалось на развитии посёлка, Маго стало портом. Сюда прибывали новые люди, специалисты: Пешкова М.М., Солдатова П.А., Хуртина. Они работали в школе и вели большую комсомольскую общественную работу. Одним из первых медработников был Крикун Василий Иванович, Гурова Александра Прокофьевна. Люди приезжали, строились, дома пошли в гору. Маго стало выполнять роль посредника в перевозке товаров и грузов для колхозов, здесь стали строить причал. В Маго везли соль, бочки, товары, а увозили рыбу. Когда на Амуре появились рыбозаводы, в Маго построили баночную фабрику, готовили жестяные банки для этих заводов. Затем перестроили её в лесотарный комбинат, который стал готовить бочкотару для колхозов своего района и даже других областей. И вот в Маго уже два крупных предприятия: лесотарный комбинат и порт. Началась Великая Отечественная война. Через Магинский порт шла перегрузка продуктов, товаров в центр страны. Работали под девизом: «Всё для фронта! Всё для победы!» Газеты тех лет рассказывали о Проклове Владимире Васильевиче, Землянском Иване Васильевиче и других."
"33";"1925";"При радиостанции стал действовать кружок радиолюбителей. Кружок выпустил десятки молодых радистов."
"34";"1925";"С помощью городских организаций и общественности было организованодобровольное пожарное общество и добровольная пожарная дружина. Городская пожарная команда состояла из обоза, в который входило 3трубобочечных хода и один багровый ход с баграми, ломами, лестницами. В зимнее время содержался «обогревательный ход», который вывозился конной тягой, в нем круглые сутки горел огонь и вода всегда была горячая."
"35";"1925";"Полностью восстановлена телефонная служба Николаевского порта. Она состояла на тот момент из: а) телефонной связи по Северному фарватеру с островом Лангр (ныне остров Байдуков) длиною в 69,34 км., из которых 4,79 км. составлял подводный кабель; б) из телефонной связи по Южному фарватеру до мыса Джаоре (включая и мыс Пронге) общей протяжённостью в 100,8 км, из которых 5,33 км. составлял подводный кабель; в) в здании управления порта была запущена единая портовая телефонная станция с коммутатором на 10 номеров. К 1-му октября в городе уже регулярно работала стационарная телефонная сеть на 90 абонентов. Начал функционировать морской торговый порт. Николаевск был объявлен «открытым для транзита товаров из стран, имеющих с СССР договорные отношения»."
"36";"1925";"Организован краеведческий кружок по изучению местного материала края. Имел две секции: экономическую и этнографическую."
"37";"1925";"Со дна Амура были подняты две железные баржи."
"38";"1925";"Состоялось открытие школы для детей рабочих и крестьян корейцев."
"39";"1925";"При горисполкоме создан отдел промышленности."
"40";"1925";"Отремонтированы катера «Ачканов», «Владимир», Скрыплёв», плавучий 45-ти тонный кран, две железные баржи."
"41";"1925";"В городе регулярно работала стационарная телефонная сеть на 90 абонентов."
"42";"1925";"Прошли выборы в Советы по Николаевскому району. В выборах приняло участие до 85 процентов всех избирателей, а их было 4101 человек. В соответствии с Конституцией 35 человек были лишены избирательного права. Отмечается сплоченность на выборных собраниях бедняков и середняцких масс. Местные кулаки влияния на собраниях не имели, ни один из них не был избран в сельский Совет. Процент женщин, принимавших участие в выборах увеличился до 25-40 процентов. Отмечается факт участия всех женщин в выборном собрании в селе Ново-Покровское, там не явились на собрание только 4 женщины, которые болели. В результате выборов в Советы Николаевского района оказалось 65 мужчин, из них 17 туземцев, 8 женщин, крестьян 72, служащих 1, безлошадных 35, освобожденных от налога – 21, кандидатов в ВКП (б) – 4, членов ВЛКСМ – 4."
"43";"1925";"Образован Николаевский-на-Амуре городской Совет рабочих, крестьянских, красноармейских депутатов."
"44";"1925";"Удско-Кербинский уезд переименован в Николаевский и разделен на волости. В Николаевский уезд входило три волости: Николаевская, Больше-Михайловская и Удско-Кербинская. Волости делились на сельские Советы."
"45";"1925";"В Маго пришёл первый японский лесовоз за экспортным лесом."
"46";"1925";"В с. Красное действовал пионерский отряд. Силами детей была украшена изба-читальня для проведения торжественного заседания в честь восьмой годовщины Октябрьской революции. В избе организовывались и проводились кружки физической культуры и хорового пения. В это лето в школе обучались дети как из села Красное, так и из соседних деревень. Одним из учителей был Дегтярников Петр Федорович."
"47";"1926";"Проведен районный съезд Советов (с 25 января по 26 января). Всего делегатов присутствовало 37, все мужчины. На повестке дня стояли вопросы: текущий ремонт, доклады о кооперации, рыболовстве, госстраховании, районировании, выборы районного исполнительного комитета, земкомиссии, ревкомиссии, выборы делегатов на Окрсъезд Советов. Съезд избран райисполком из 15 человек, среди них 1 коммунист, кандидатов в члены ВКП(б), 1 член ВЛКСМ, со средним образованием 1, 2 самоучки, остальные с низшим образованием, служащих 1, рабочих 1."
"48";"1926";"В Николаевском районе было 10 районных сельсоветов, в том числе Лиманский, Льва Толстовский, Касьяновский, Алексеевский, Макаровский, Иннокентьевский, Пальвинский, Рождественский, Коль-Никольский, Власьевский. Только в 2 Советах были секретари – в Касьяновском и Иннокентьевском. Качественный состав председателей районных сельских Советов: все 10 беспартийные, женщин нет, все имеют низшее образование. Среди председателей общих собраний – все беспартийные, 14 – с низшим образованием, 3 неграмотных, 2 самоучки."
"49";"1926";"В момент образования Дальневосточного края в составе РСФСР и в связи с введением на Дальнем Востоке округов, в соответствии с постановлением ВЦИК от 4 января 1926 года был образован Нижнеамурский округ. В состав Нижнеамурского округа вошли 7 районов: Николаевский, ТугуроЧумиканский, Охотский, Больше-Михайловский, Нижне-Тамбовский, Кербинский, Ольский."
"50";"1926";"Перепись среди николаевцев зафиксировала резкое уменьшение доли неграмотных среди детей школьного возраста по сравнению с другими возрастными группами. Это стало возможным благодаря развернувшейся в СССР борьбе с неграмотностью."
"51";"1926";"Со дна Амура был поднят катер «Экспресс»."
"52";"1926";"По инициативе Дальневосточного краевого комитета ВКП(б) и заместителя председателя Комитета севера К. Я. Лукса создано Николаевское-на-Амуре педагогическое училище на правах северного отделения Хабаровского педагогического техникума."
"53";"1926";"Усилиями отдела промышленности Николаевского горисполкома возрождается механическая мастерская. Возобновились строительство и судоремонт речных и рыболовецких деревянных судов."
"54";"1926";"Численность населения – 7356 человек."
"55";"1926";"Был организован окружной отдел ЗАГС."
"56";"1926";"Со дна Амура поднята баржа «Инаргада»."
"57";"1926";"Декретом ВЦИК «Об образовании и районировании Дальневосточного края» в составе Николаевского округа Дальневосточного края образован Николаевский район с центром в г. Николаевск-на-Амуре. На 17 декабря 1926 года в состав Николаевского района входили 30 сельский Советов."
"58";"1926";"На базе рыбного промысла системы потребкооперации основан рыбокомбинат «Озерпах» Нижнеамурского рыбного треста – сердце поселка рыбаков. Вначале это было небольшое предприятие, где занимались добычей и обработкой лосося. В 50-х годах в состав комбината включили рыбозаводы Тнейвах и Пуир. Промысел полностью передали колхозам – это укрепило их экономику и улучшило качество продукции. Ловом для комбината занимались семь колхозов: «Красный маяк», имени Кирова, «Ленинец», имени XVIII партсъезда, «Рыбак», имени Ильича, имени XXII съезда коммунистической партии Советского Союза."
"59";"1927";"В городе насчитывалось 28 промышленных предприятий и 1235 жилых и гражданских зданий."
"60";"1927";"Мастерскими порта отремонтировано более десятка судов и плавучих средств. С этого года николаевские корабелы смогли уже самостоятельно осуществлять ремонт всех имевшихся в Николаевске судов (было приписано 464 единицы, по другим данным – 42 паровых, 37 моторных, 112 барж)."
"61";"1927";"Состоялась первая передача на край радиовещательной станции из Хабаровска (коротковолновая станция «РВ-15»). В Николаевске её слышали отлично."
"62";"1927";"В районе. им. Полины Осипенко открыта также школа первой ступени для детей из поселков Красный Яр и Им, куда прибыла 3 октября учительница Черемисова Т. До 1927 года эти две школы работали, как две начальные школы. В подтверждение этому факту – отчет по Народному образованию Кербинского района исполнительного комитета Р.К.К. и Красноармейских депутатов Николаевского на Амуре округа Дальневосточного края за период с 1 июля по 1 октября 1926г.: «За отчетный период изменений в школьной сети в районе не было – имеется 2 школы первой ступени, которые находятся: одна – в с.Керби, другая – в пос.Веселая Горка. В школе с.Керби – 44 ученика (мальчиков – 31, девочек -13), в школе Веселой Горки – 45 учеников (мальчиков -27, девочек-18); возраст учеников – от 8 до 15 лет. Преподавателей в двух школах – 4 человека, из них – 2 заведующих, 2 – преподавателя. Здание Веселогорской школы, ввиду своей ветхости дальнейшем непригодно. Сметой РИКа предусмотрено приобретение бывшего Буриновского дома под школу, отстоящего от Веселой Горки на расстоянии 3-х верст»."
"63";"1927";"Красносельский сельский совет имел: хозяйств крестьянского типа – 38, прочих – 6. Всего проживало 170 человек (преобладало русское население). В состав совета также входили село Каменка и рыбный промысел Чныррах."
"65";"1927";"В 20х гг. Николаевский район давал третью часть общей добычи рыбы на Дальнем Востоке. Для обеспечения нужд рыбной промышленности был построен ряд рыбозаводов и холодильники. Вырос рыболовецкий и торговый флот. В середине 30х открылся дом Красной армии (который после 1974 г. стал районным домом культуры), клубы восточников, водников, милиции, а в Нижнеамурском районе – 34 клубных учреждения."
"66";"1928";"Принято постановление Президиума Николаевского-на-Амуре исполкома о вывозе горбуши на экспорт в Гамбург."
"67";"1929";"Создан Нижне-Амурский государственный рыбопромышленный трест (НАфГРТ), объединивший 12 рыбокомбинатов и рыбозаводов, расположенных на территории Нижне-Амурского округа. Упразднён в 1970 в ходе реорганизации в Нижнеамурский рыбопромышленный комбинат."
"68";"1929";"Пущен в действие консервный завод. Вырабатывает закусочные консервы из летней горбуши и осенней кеты."
"69";"1929";"В Николаевск прибыл моноплан АНТ-4 «Страна Советов», летевший по маршруту Москва – Дальний Восток – Нью-Йорк. пилотируемого С.А. Шестаковым, Ф.Е. Болотовым, Б.В. Стерлиговым, Д.В. Фуфаевым. Команда отважных летчиков преодолела огромное расстояние в 7950 км, затратив на это 167 летных часов. Перелет стал возможен благодаря исключительным (по тем временам) техническим характеристикам самолета туполевского конструкторского бюро АНТ-4: полетный вес машины 6712 кг, максимальная скорость 200 км/час, мощность двух двигателей германского производства БМВ – 1200 лошадиных сил, длина 18 метров, размах крыльев 28,7 м, возможность смены колесных шасси на поплавки."
"70";"1929";"Впервые в истории Николаевска была доставлена в город авиапочта. В одном из писем содержалось воззвание к трудящимся Нижнего Амура о проведении сбора средств на постройку самолета «Дальневосточный рыбак». «Страну Советов» пришло встречать почти все население города. Еще бы, это был первый самолет, приземлившийся в устье Амура! Состоялся торжественный митинг, на котором командир воздушного судна С.А. Шестаков, познакомив собравшихся с членами экипажа, с целью столь продолжительного полета, отметил, что недалеко то время, когда жители Николаевска регулярно начнут пользоваться воздушным сообщением. Его пророчества сбылись очень быстро – буквально через четыре месяца в городе совершил посадку первый пассажирский самолет."
"71";"1929";"В селе Красное проживал 101 житель. В селе имелись сельский совет Нижняя Патха, начальная школа, клуб, изба-читальня, детский дом, дом старости, ячейка ВЛКСМ. На Каменке Кресткома не было, но была организована сбыточная артель, которая учитывала всё, что добывалось, а затем выборным комитетом сбывалось. Был военный городок, от которого в 1929 лето остались только развалины. Занимались сельским хозяйством, рыболовством, охотой, извозом, дровозаготовками. Сеяли ячмень, овёс на корм. Каменские жители работали кроме этого ещё на промысле «Далькрайсоюз». 30-е годы стали годами социалистического преобразования города и села."
"73";"1929";"В 30е годы проводится большая работа по благоустройству города. Расширялись улицы, ухабы засыпались щебнем и гравием. Стелились тротуары. Вдоль улиц были высажены деревья. По краям проезжей части вырыты кюветы. На месте старого кладбища был разбит городской парк культуры."
"74";"1930";"Открыта регулярная воздушная линия по маршруту Хабаровск – Оха-на-Сахалине, через Николаевск-Амуре. Первый транспортный рейс совершил известный полярный лётчик, Герой Советского Союза М.В. Водопьянов. Протяженность трассы 1180 км. Рейсом положено начало островной авиации."
"75";"1930";"Решением краевого исполнительного комитета в городе введено обязательное начальное обучение детей 8-9-10-летнего возраста. Развёрнута подготовка учителей из комсомольцев, рабочих, колхозников."
"76";"1930";"К этому году введены в строй здания рыболовпотребсоюза, госрыбтреста, Нижнеамурского торга, спецторга, укома партии и уисполкома и другие."
"77";"1930";"Педагогическое училище выделено в самостоятельное учебное заведение. Учащиеся из народностей Крайнего Севера обеспечиваются повышенной стипендией, бесплатно получали постельные принадлежности, обув и одежду. Стандартный размер стипендии равняется 200-300 рублям."
"78";"1930";"Коечный фонд больницы расширился до 65 коек, со штатом 3 врача, 12 – среднего медперсонала, 26 – прочего. Работает амбулатория с 7 кабинетами и лабораторией, со штатом 6 врачей, 3 фельдшера и 7 человек прочего персонала. Работает рентгеновский кабинет."
"79";"1930";"В здании бывшей синагоги открыты ясли."
"80";"1930";"К этому году провели расширение мастерских порта, построены новые здания, пополнилось оборудование. В городе функционирует 8 школ, 2 детсада, 1 детдом, 11 детских площадок. В школах предоставляются завтраки (хлеб, сахар, масло, икра)."
"81";"1930";"В городе функционировали следующие учебные учреждения: – дошкольные учреждения: детский сад – 4, детский дом – 1, детские площадки – 10 (при школе II ступени), детские площадки – 1 площадка связи (на почте). – школьные учреждения первой ступени: русских – 4 школы, корейских – 1 школа, семилетки – 1 школа водного транспорта; – второй ступени: школа им. В.И. Ленина, школа мастеров профообразования."
"82";"1930";"На заседании Красносельского сельсовета было принято решение об объединении сел Красное и Каменское в рыболовецкий колхоз. Колхоз занимался вы-ловом сельди, частика, рыб лососевых и осетровых пород. А ранее в 1928 г. в с. Красное для рыболовства был отведен один двухшестиковый заездок гиляцкого типа в 1 км 67 метрах устья р. Патха."
"83";"1930";"В с. Красное организована нефтебаза."
"85";"1930";"Получил развитие в 30-е гг. в районе процесс ликвидации неграмотности и малограмотности взрослого населения р. им. Полины Осипенко. Почти во всех населенных пунктах (Каменка, Гуга, Кербинская база, Салавли, Нижний Бриакан, Сонок, Гейкан, Яшкино, Чукчагирь, колхоз «Красный Амгунец», Малышевск и т.д.) имелись избы-читальни, в которых работали «ликвидаторы неграмотности», учителя грамоты. Учителями грамоты значились: Спевак, Гончаров, Герасимова, Гуксова П.Ф., Черанева О.П., Семенов, Ким, Коновалова Е.П., Жукова. «Неграмотного населения в районе процент очень незначительный. Для них работают школы ликбеза и группы индивидуального обучения. В районе имеется районная библиотека, районный клуб, 5 изб-читален, расположенных в селениях Гуга, Малышевск, Упагда, Каменка, Чукчагирец. На каждом прииске имеется клуб или красный уголок. Работают агитбригады. В клубах работают драмкружки. В клубе села имени П. Осипенко имеются инструменты духового оркестра, укомплектована команда музыкантов. В районе имеется стационарная звуковая кино-установка, две кинопередвижки.»"
"86";"1931";"Образован Нижнемурский государственный рыбный трест на базе Нижнеамурских промыслов, выделенный из состава «Дальгосрыбтреста». Трест объеденил 19 промыслов, 4 лесокомбината, 8 рыбозаводов и лесотарный комбинат, 1 лесопильный завод, 1 механическую мастерскую, управление снабжением и транспорта, строительную контору."
"87";"1931";"На базе областной школы медицинских сестер организованы курсы лаборантов."
"88";"1931";"Создан Николаевский гидроаэропорт (зимой садились на лед р. Амур)."
"89";"1931";"Открыт театр рабочей молодежи (ТРАМ). Особенность ТРАМов состояла в том, что они объединяли подлинных энтузиастов сцены из среды молодых рабочих и в свой репертуар теснейшим образом связывали с повседневной жизнью."
"90";"1931";"Комсомольская ячейка в с. Красное явилась организатором рыболовецкого колхоза «Красный восход». Первым его председателем стал тоже комсомолец – Андрей Жуков. Промысел находился в 4-х километрах от села. За три года артель стала богатой: только инвентаря насчитывалось на 1000 рублей, что по тем деньгам сумма очень приличная."
"91";"1931";"Образован Колхоз «Пятилетка» с. Архангельское (Иннокеньтевка), имея 21 рыбное хозяйство, 42 трудоспособных колхозника, 1 заездок. Вылов рыбы производился на р.Амур, в протоках Лиманская и Пальвинская. 14 февраля 1963 г. по решению общего собрания колхозников в него влился колхоз «Путь к коммунизму»."
"92";"1931";"Организован колхоз “Ленинец” в селе Сахаровка."
"93";"1932";"В городе открылся гидроаэропорт."
"94";"1932";"Открыт кинотеатр «Глобус» (переоборудован из бывшей кладбищенской церкви). Просуществовал там до 1952 г."
"95";"1932";"По постановлению Далькрайисполкома Хабаровский педагогический техникум переводитсяв Николаевск-на-Амуре (в виду того, что многие чукчи и каряки не выносили хабаровский климат). Силами рабочих и студентов под техникум было восстановлено одно здание (бывшее реальное училище). Техникум имел три отделения: педагогическое школьное, административно-советское и кооперативное, и назывался «Дальневосточный техникум народов Севера»."
"96";"1932";"В Николаевск переводится центральная контора государственного треста «Амурзолото», которое отныне получает название «Приморзолото». Трест объединял золотые прииски, расположенные по р. Амгунь и ее притокам, Охотскому побережью, в Удыльско-Лимуриинской золотоносной системе и других районах Нижне-Амурского субрегиона."
"97";"1932";"Организован городской радиоузел, который после образования на Нижнем Амуре Нижне-Амурской области с центром в Николаевске (1934) был преобразован в областной радиокомитет. Располагался в здании старой церкви."
"98";"1932";"Состоялось заседание Красносельского сельсовета, на котором было выработано ходатайство перед райисполкомом об оказании материальной поддержки и воздействия на существующие в районе Красного организации по вопросу оказания по-мощи в постройке школы. В свою очередь колхоз предоставил разобранное здание, сель-совет – деньги в сумме 1500 руб. из средств самообложения."
"99";"1932";"Из Хабаровска пришёл Амурский полк, и в бывших казармах артиллеристов Николаевской крепости разместились части Красной армии. Началась новая волна укрепления военной мощи Николаевской крепости. До сих пор в окрестностях села, в лесу, встречаются земляные валы, окопы, металлические крышки люков и так далее. Как свидетельство вышеизложенного – название автобусной остановки в центре села «Гарнизон»."
"100";"1933";"Открылось регулярное авиадвижение по маршруту Хабаровск – Николаевск-на-Амуре."
"101";"1933";"Ведётся строительство 23-х объектов (склады, мельницы, элеваторы)."
"102";"1933";"На 7-м внеочередном объединенном съезде Советов Николаевский район был переименован в Нижнеамурский, образован вновь округ с новым названием – Нижнеамурский, и избран окружной исполнительный комитет. В этот период округ объединял 3 района: Нижнеамурский, Кербинский, УльчскоНегидальский. Уменьшение числа районов произошло по двум причинам: ТугуроЧумиканский, Охотский и Ольский районы отошли к Охотско-Эвенскому национальному округу, образованному в 1931 году, оставшиеся четыре района были укрупнены."
"103";"1933";"(требует уточнения) – образование Нижнепронгенского сельского Совета (в 1934 г. в состав сельсовета входили: рыболовецкий колхоз Нижнее-Пронге, Пронге, рыбзавод Верхнее Пронге, с. Алеевка, Алексеевка)."
"104";"1933";"На приисках в Херпучах запущена драга. Прииски дали первое золото. Летом следующего года вступила в строй электростанция."
"105";"1934";"8 августа 1934 года считается официальной датой рождения Николаевского авиапредприятия. Именно в этот день появился приказ начальника Дальневосточного территориального управления ГВФ № 98 об организации Николаевского-на-Амуре авиазвена во главе с Черненко И.В. Звено имело в своем составе три самолета Ш-2, которые были способны принимать на борт всего до 200 кг груза. Строительство сухопутного аэродрома началось в Николаевске-на-Амуре в конце 30-х гг. Уже в 1935 г. число пилотов -дальневосточников выросло до 45 человек. Стоимость авиапассажирского билета от Хабаровска до Николаевска в 1935 году составляла 555 рублей (до Охи – 665)."
"106";"1934";"Постановлением ВЦИК РСФСР была создана Нижнеамурская область, вошедшая в состав Дальневосточного края. Область объединяла ранее существовавшие самостоятельно Нижнеамурский и Охотско-Эвенский округа. Область имела 6 районов, а после 1943 года – 7 районов: Нижнеамурский, Тахтинский, Ульчский, имени Полины Осипенко, Тугуро-Чумиканский, Аяно-Майский, Охотский; один город и 105 сельсоветов. Николаевск становится административным центром созданной области."
"107";"1934";"Численность население г. Николаевска-на-Амуре превысила дореволюционный максимум (15,4 тыс. человек в 1914 г.) и составила 16,5 тыс. человек в 1933 году."
"108";"1934";"На первом областном Съезде Советов (12-14 октября 1934 года) был избран исполнительный комитет областного Совета и положено начало областной администрации. До избрания облисполкома функции его исполнял организационный комитет Нижнеамурской области во главе с Оскаром Кристаповичем Кантером, ставшим затем первым председателем облисполкома."
"109";"1934";"В специально построенном здании смонтирована мельница, работавшая от паровой машины. После сдачи объекта в эксплуатацию организован мелькомбинат 14-го дальневосточного треста «Главмука»."
"110";"1934";"Открыта первая полная средняя школа (школа № 1). В 34/35 уч. год в школе работало 28 преподавателей. В 1-4 классах обучалось 409 детей, в 5-7 – 412 детей, в 8-10 – 66 детей. Всего – 887."
"111";"1934";"На Белой Горе был открыт рудник и фабрика, поэтому село Чля стало развиваться, увеличилось его население и в 1939 году, когда население перевалило за тысячу человек, село получило статус рабочего поселка. В тридцатые годы в селе появились: школа (1932 г.), ” Золото продснаб”, имеющий в своем подчинении подсобное хозяйство с полями, свинофермой , коровником и конюшней , магазины, столовая, амбулатория, почтовое отделение, рабочий клуб в нем библиотека."
"112";"1934";"В пожарное депо поступила на вооружение первая пожарная машина ГАЗ-АА."
"113";"1934";"В с. Озерпах образован сельский Совет депутатов трудящихся"
"114";"1934";"Образован Охото-Аянский государственный рыбный трест. В его состав входят 1 рыбный комбинат и 23 рыбных завода."
"115";"1934";"Путину 1934 года обслуживали 53 паро-моторных судна."
"116";"1935";"Лётчик И. Ф. Черемушников выполнил первое санитарное задание, доставив врача в отдаленное национальное село Нижнего Амура."
"117";"1935";"В городе 4 детских сада с общим обхватом детей 305 человек."
"118";"1935";"Образован отдел народного образования Николаевского-на-Амуре городского совета рабочих, крестьянских и красноармейских депутатов. Основные функции отдела: развитие школьного и дошкольного дела, политико-просветительская работа в массах, издательская деятельность, организация и контроль за работой культурно-просветительских учреждений, театров и кино."
"119";"1935";"1935 г. (предположительно) – создан Нижнеамурский областной рыболовпотребсоюз (после ликвидации Нижнеамурской области переименован в «Нижнеамурский рыболовпотребсоюз»). В систему облрыболовпотребсоюза входили аппарат рыболовпотребсоюза и его собственное хозяйство, межрайонная оптовая база, транспортная контора и восемнадцать рыболовецких кооперативов: Озерпахский, Нижне-Пронгенский, Мыс-Лазаревский, Де-Кастринский, Тугурский, Николаевский, Чныррахский, Чкаловский, Кольский, Магинский, Тахтинский, Сусанинский, Удинский, имени Полины Осипенко, Богородский, Мариинский, Сухановский, Чумиканский. Число розничных торговых предприятий составляло 178 единиц, в том числе 143 магазина и 35 ларьков и палаток."
"120";"1935";"Нижнеамурский рыболовпотребсоюз являлся руководящим хозяйственным и организационным центром рыболовецкой потребительской кооперации и объединял рыболовецкие потребительские кооперативы (рыбкоопы). Рыболовпотребсоюз разрабатывал и утверждал планы оптового и розничного товарооборота, заготовок, закупок сельскохозяйственной продукции и сырья, разделяли между отдельными организациями капитальные затраты и фонды заработной платы, организовывал и контролировал выполнение плана торговли, заготовок, закупок и других направлений хозяйственной деятельности рыбкоопов, руководил работой по кооперированию населения. Все рыбкоопы являлись членами рыболовпотребсоюза и принимали участие в управлении его делами через своих представителей на съездах и в собраниях раболовпотребсоюза. Органами управления рыболовпотребсоюза являлись: съезд рыболовецкой потребительской кооперации, Совет рыболовпотребсоюза, управление рыболовпотребсоюза. Съезд являлся высшим органом правления и созывался 1 раз в 4 года."
"121";"1935";"В списке школ Нижнеамурской области по состоянию на 1935 г. числится начальная Красносельская школа, состоящая их 4 классов, учащихся – 71, учителей – 3, директор школы Масловская Т.А."
"122";"1935";"В первую с момент образования Нижнеамурской области посевную кампанию было засеяно 3464 Га земли."
"124";"1935";"В середине 30-х годов население с. Красное не имело ограничений на вылов рыбы, колхозники могли пользоваться земельными участками площадью 25 соток, служащие – 15 соток вместе с домом. У многих были коровы, лошади, домашняя птица. В «Проекте простейшего землеустройства Нижнеамурского района Нижнеамурской области» за 1936-37 годы говорится: «Ведущей отраслью является добыча рыбы-сырца. В 1936 году колхозом было добыто 1589 центнеров рыбы. Общественный посев был небольшим. Вся площадь была занята картофелем. Скот не обобществлён"
"125";"1936";"Открыт первый лечебный сезон в Анненских водах (расположенных в районе). Пропускная способность курорта по плану определялась в 600 пациентов. Пропущено было за этот первый сезон 1936 года 597 человек. При лечении пациентов большое значение имело питание. Пациенты получали ежедневно свежее мясо, овощи, зелень, режим сна и бодрствования. Все это положительно сказывалось на здоровье людей. В своем распоряжении курорт имел 14 лошадей, из них 12 лошадей выездных. Кроме этого курорт получил в конце сентября 1936 года одну грузовую и пятитонную автомашину, которая использовалась, как для перевозки грузов из Сусанино, так и для перевозки прибывающих и убывающих пациентов."
"126";"1936";"Сдано в эксплуатацию новое пожарное депо и поступила новая пожарная техника."
"127";"1937";"Принимается постановление “О пожарах и противопожарных мероприятиях”, “О состоянии областного и ведомственных архивов”, “О ходе ликвидации неграмотности и малограмотности в области”, “О работе аэропорта и авиаобслуживания в зимний период”. Облисполком обращается с ходатайством в Хабаровский крайисполком об открытии постоянных авиалиний Николаевск-Охотск-Аян-Чумикан. В этом же постановлении поднимается вопрос о снижении тарифов на грузовые и пассажирские перевозки на авиалинии Николаевск-Хабаровск."
"128";"1937";"Бюро Николаевского горкома ВКП(б) принимает постановление об оздоровительной работе среди пионеров и школьников: 1. Утвердить оздоровительную комиссию. 2. На основании решения областного комитета ВКП(б) от 3 мая 1937 г. охватить пионерскими лагерями 320 человек, площадками с питанием – 380 человек, площадками без питания – 600 человек."
"129";"1937";"Для производства работ на будущем ССЗ в Голландию, Англию и Японию были сделаны заказы на постройку десяти землечерпательных снарядов ,а также отечественным судостроительным заводам на постройку буксирных пароходов, землеотвозных шаланд и катеров. Для строительства затона и завода были прибуксовано из Быстринского леспромхоза три сигары с лесом по 3-4000 м3 каждая."
"130";"1937";"В городе был организован стационарный профессиональный областной драматический театр в составе 20 профессиональных актеров. В театре работали артисты из Москвы, Ленинграда, Воронежа, Херсона и др. Театр ставил спектакли не только в городе, но и постоянно выезжал на гастроли в отдаленные воинские части и поселки Нижнего Амура, побережья Татарского пролива. В 1946м году артисты дали 50 спектаклей (при плане – 48), общее число зрителей – 18,1 тыс. Сборы составили 219,9 тыс. рублей. (при плане 201)."
"131";"1937";"В Нижне-Амурский государственный рыбопромышленный трест входит уже 17 рыбозаводов, выловивших 380 тыс. центнеров рыбы. Каждый из них еще и обрабатывал на своих базах рыбу, закупленную у 5–7 рыболовецких колхозов Нижнего Амура."
"132";"1937";"Стадо северных оленей составило 48,2 тыс. голов, лошадей – 5,6 тыс., крупного рогатого скота – 7,1 тыс., поголовье свиней – 7,4 тыс. Область засаживала 1,7 тыс. га картофеля."
"133";"1937";"6 детских садов Николаевска-на-Амуре посещали 350 детей дошкольного возраста. Молодые женщины-матери пошли на производство."
"134";"1937";"Нижнеамурский областной совет принимает решение о создании в г. Николаевске-на-Амуре областного краеведческого музея. Выделено помещение в Доме колхозника, предусмотрен штат музея. Осуществлению планов помешала начавшаяся Великая Отечественная война 1941-1945 гг."
"135";"1937";"В связи с большим скоплением пассажиров на о. Сахалин и в г. Николаевск принято решение доукомплектовать авиалинию Хабаровск-Сахалин-Николаевск десятью дополнительными самолётами П-5."
"136";"1937";"Начато строительство судоверфи. В город прибыла первая группа рабочих в количестве 150 человек. Начальником строительства назначен Кузьма Дмитриевич Кузнецов. В том же году принято решение о строительстве по соседству с верфью судоремонтного завода, предназначенного для ремонта морских судов, земкараванов и плавсредств, используемых на дноуглубительных работах."
"137";"1937";"В с. Красное в колхозе «Красный восход» состояло 32 хозяйства с населением 124 человека. Ведущая отрасль колхоза – добыча рыбы сырца."
"138";"1938";"Открыта средняя школа № 2 (в 1985 г. переименована в среднюю школу № 5)."
"139";"1938";"Сдан в эксплуатацию лесопильный цех судоверфи. Дал первую партию кирпича кирпичный сарай, что позволило начать сооружение электростанции, лесосушильных камер, кузницы, механического и деревообрабатывающего цехов, центральной котельной, дизельной, общежитий, жилых домов, столовой, клуба, заводоуправвления."
"140";"1938";"Создается пригородный Николаевский овоще-молочный совхоз для улучшения снабжения областного центра сельхозпродукцией. Первоначально в совхозе имелось 63,5 гектара посевной площади, 50 голов КРС и 10 свиноматок. Совхоз сыграл большую роль в районировании и продвижении на север основных сельско-хозяйстенных культур и пород домашнего скота."
"141";"1938";"Образована Нижнеамурская областная 3х годичная Политпросветшкола, как специальное среднее учебное заведение, на базе высшей областной совпартшколы. Образована для подготовки квалифицированных кадров политпросветработников, инспекторов, заведующих колхозными клубами, домов культуры, изб-читален."
"142";"1938";"Путину 1938 года обслуживали 86 самоходных судов."
"143";"1938";"Аимское товарищество “Красная звезда” выполнило план пушных заготовок за сезон на 195 процентов, завоева районное первенство. Товарищество объединяет 41 хозяйство охотников-эвенков."
"144";"1938";"Средний заработок рыбака вырос с 2020 рублей (в 1937 году) до 4088 рублям"
"145";"1939";"Открыто медицинское училище."
"146";"1939";"Николаевский порт был преобразован в морской порт. В городе было создано самостоятельное морское пароходство. образуется Николаевское-на-Амуре морское пароходство, которому было передано от речников 9 судов (3 буксира и 6 барж), а от Дальневосточного морского пароходства 7 (4 парохода, теплоход и 2 морских буксира). По сути дела это было первое специализированное предприятие, осуществлявшее перевозки по линии «река-море». В 1930-е годы Николаевск уступал на Дальнем Востоке по речному грузообороту лишь Хабаровску (обойдя Благовещенск), а по морскому – Владивостоку. В связи с этим встала задача превратить город на Амуре в крупный центр речного и морского судостроения и судоремонта."
"147";"1939";"На верфи закончено строительство комплекса кирпичных сооружений. Установлен первый локомобиль в машинном зале электростанции, давшей энергию пилорамме и бревнотаске лесопильного цеха."
"148";"1939";"Вводится в строй хлебозавод на 5 печей, производственной мощностью 9 тонн условных изделий в сутки (первая очередь Николаевского хлебокомбината)."
"149";"1939";"В Нижнеамурской области создано 25 молочно-товарных ферм и 25 свино-товарных ферм."
"150";"1939";"Открылась библиотека для детей и юношества (к тому моменту в городе была всего одна массовая библиотека). Перед войной книжный фонд трех массовых библиотеках Николаевска насчитывал 6,2 тыс. экземпляров книг. Приказом Нижнеамурского областного здравотдела от 20.05.1939 № 1. основывается медицинское училище (как школа медицинских сестер)."
"151";"1939";"Создаётся Нижнеамурское агентство по прокату кинофильмов."
"152";"1939";"Образована строительная контора “Горстрой”."
"153";"1939";"Организована городская прокуратура."
"154";"1939";"Построен клуб (где располагался Дом Культуры имени Горького)."
"155";"1939";"В Гырмане (микрорайон п. Маго) стали формировать колхоз «Третья пятилетка». Галин Николай Григорьевич был председателем колхоза – большой знаток сельского хозяйства, получал высокие урожаи овощей и картофеля. По его инициативе завезли из Хабаровского плодопитомника саженцы малины, смородины, груши, сливы. К концу года в Гырмане проживало 40 семей."
"156";"1939";"Создана моторно-рыболовная станция в заливе Счастья на охотском побережье."
"157";"1939";"На озере Мухтель выпущена первая партия ондатры в количестве 387 штук (в рамках пополнения популяции)."
"158";"1939";"В Кизинском леспромхозе выстроено 18 домов, школа на 80 мест, овощехранилища, пекарня."
"159";"1939";"В Нижнеамурской области было засеяно 4057 Га земли."
"160";"1939";"В Ульчском районе колхоз “Работник” добился сбора урожая в 214 центнеров с гектара. В том же году там организована первая машинно-тракторная станция."
"161";"1939";"Растут сбережения трудящихся. Вклады в сберегательных кассах выросли с 7 миллионов 910 тысяч в 1935м году до 26 миллионов 824 тысяч рублей."
"162";"1939";"В Николаевске проведена третья областная художественная олимпиада. Участвовали творческие коллективы рыбозаводов, приисков, колхозов (свыше 500 человек)."
"163";"1939";"В области насчитывается 33 национальных школы, 7 полных и неполных средних школ для взрослых (обучается 588 человек без отрыва от производства)."
"164";"1939";"В районе насчитывается 12 больниц с 180 койками, 10 врачебных амбулаторий, 12 фельдшерских пунктов и 10 фельдшерско-акушерских пунктов. Имеется 6 рентген установок (2 в городе, 4 в районе). Родильные дома рассчитаны на 136 коек"
"166";"1939";"За годы сталинских пятилеток построены Озерпахский холодильник, мощный жиротопный завод на острове Байдукова, расширен и усовершенствован Нижне-Пронгенский консервный завод. На базе рыбного завода Оремиф создан учебный комбинат, готовящий высококвалифицированных работников для рыбной промышленности."
"167";"1939";"В конце 30х были выстроены типовые здания школы № 1 и средней школы № 2."
"168";"1939";"Период 1930-1940-х гг. характеризуется ростом библиотечной сети, количества изб-читален."
"169";"1939";"Всего в Нижнеамурской области накануне Великой Отечественной войны проживало 70 тыс. человек."
"170";"1939";"1937–1940-е гг. – за эти годы численность обучающихся в 6 общеобразовательных школах (начальных, неполных средних, средних) возросла с 2,5 тыс. до 3,2 тыс. школьников. Переход (в 1940 г.) на платное среднее и высшее образование перед войной не привел к уменьшению числа тех, кто обучался в средних школах. Если в 1937 году в вечерней школе для взрослых обучалось 56 человек, то в 1939 – 150 человек (рост почти в 3 раза)."
"171";"1939";"Поворотным пунктом в социально-экономическом развитии города должна была стать третья пятилетка. В её материалах было запроектировано строительство в 1938-1941 гг. железной дороги Комсомольск-Николаевск, кирпичного завода, завода по переработке древесины, колбасной фабрики, пивоваренного завода, нескольких рыбокоптилен, мясохолодильника и т.д. Обсуждались вопросы строительства НПЗ, для чего предлагалось повернуть линию Охинского нефтепровода в Николаевск, о создании на базе Налевского и Искинского месторождений бурых углей собственной топливно-энергетической базы, о разработке Николаевского месторождения железных руд с целью обеспечения сырьём металлургического завода в г. Комсомольске-на-Амуре. К 1942 г. намечено было полностью решить проблему обеспечения продуктами живодноводства и огородничества населения города и области. Намеченное осуществить в связи с начавшейся войной не удалось."
"172";"1940";"Вступил в строй Николаевский-на-Амуре судостроительный завод (судоверфь). Заложено первое судно – катер «Димитров» с деревянным корпусом и мощностью двигателя 75 л.с. Вступил в строй эллинг. На судоверфи создана профсоюзная организация."
"173";"1940";"Основана школа № 4 (как семилетняя). В 1953 г. получила статус «средней»."
"174";"1940";"Краеведческий пункт и музей переданы в ведение Чумиканского РОНО. Музею выделено соответствующее здание по адресу ул.Горького, д. 114. Количество экспонатов достигло 747 шт."
"175";"1940";"В Николаевске-на-Амуре издавалась три газеты: «Красный маяк», «Стахановец Амура» и «Стахановец путины». Общий разовый тираж всех газет составлял к этому времени 9,7 тыс. экземпляров. Кроме того, в каждом районном центре Нижне-Амурской области издавалась своя «районка»."
"176";"1940";"Открыта городская лыжная станция."
"177";"1940";"Постановлением Совета народных комиссаров Николаевск включён в список районов, пользующихся скидками и льготными ценами по Крайнему Северу."
"178";"1940";"В районе им. П. Осипенко приказом по району от 18.09.40г. в СШ №1 был организован консультпункт для заочников педучилища, заведующей которого была назначена Шарыбина М.В. К консульпункту были прикреплены все заочники района (6 чел.), предупрежденные о необходимости систематического выполнения заданий завконсульпунктом и заочного сектора педучилища. Неявка на занятия по вызову завпунктом считалась прогулом. Директора школ обязаны были оказывать всемерную помощь заочникам с одновременным контролем над выполнением заданий заочниками, предоставлять заочникам 12 свободных вечеров в месяц, освободив их от всякой общественной работы в эти дни."
"179";"1941";"С наступлением войны введена карточная система: отпуск хлеба, сахара и кондитерских изделий – по карточкам в соответствии с нормами, установленными решением краевого исполкома от 23.10.1941 г. № 1721."
"180";"1941";"Введена в эксплуатацию первая очередь нефтепровода Оха-на-Сахалине – Комсомольск-на-Амуре (через мыс Лазарева)."
"181";"1941";"На основании решения Николаевского-на-Амуре горисполкома был создан комитет по делам физической культуры и спорта. Основным видом деятельности являлось «Деятельность спортивных объектов»."
"182";"1941";"На базе лесозавода и кирпичного завода образован Николаевский-на-Амуре городской промышленный комбинат."
"183";"1941";"Начато строительство деревянных кунгасов типа КД-20 и КДУ-20 предназначенные для рыбаков Нижнего Амура, всего их построено более 2000 шт., столько же построено рейдовых стальных плашкоутов."
"184";"1941";"С 1941 года на Николаевской-на-Амуре судоверфи Наркомата пищевой промышленности строятся деревянные лодки типа «Астраханка», предназначенные для рыбаков Нижнего Амура. Заложен первый малый черноморский сейнер. Первый директор предприятия – М. Бородин."
"185";"1941";"Создан оргкомитет добровольного пожарного общества в г. Николаевске-на-Амуре."
"186";"1941";"Состоялось открытие профессионально-технического училища № 12 Министерства трудовых резервов СССР при Николаевском заводе Министерства ручного флота. К этому времени в городе заканчивалось строительство судостроительного завода, которому нужны были квалифицированные специалисты. Подготовка велась по специальностям: токаря по металлу, котельщика, электромонтажника."
"187";"1941";"Первый выпуск медицинских сестёр. Выпуск почти всем составом ушёл на фронт."
"188";"1941";"Создано предприятий и цехов: 2 промкомбината (Богородск, Николаевск), 3 райпромкомбината (Охотск, Аян, Чумикан), 2 пищекомбината (Николаевск, Богородск), 9 артелей промкооперации (3 в Николаевске и 6 в районах области)."
"189";"1941";"Выпущено продукции: столов разных – 576, стульев – 765, табуретов – 794, вёдер жестяных – 2586, баков для воды – 1351, умывальников – 946, тазов разных – 437, чайников – 321, открытой бондарной посуды – 395, чемоданов – 147, матрацев пружинных – 133, досок стиральных – 358, ванн – 592, лопат деревянных – 212, отремонтировано обуви – 8495 пар, пошито новой обуви свыше 300 пар, пошито пальто – 396 шт., костюмов – 572, женских платьев – 971, гинмастёрок – 401, разного белья – 2659 шт., выделано кожи жесткой – 590 кг., юфты – 19157 дцм, выпущено 906,7 кирпичей и 211 т. извести."
"190";"1941";"В конце 1941 года на возвышенном плато между реками Камора и Личи было закончено строительство взлетно-посадочной полосы. Тогда же военные авиаторы приняли на ней приземлившиеся самолеты ПО-2 и Ш-2."
"191";"1941";"Пищевое производство выпустило продукции: колбасы рыбной – 1208 кг., колбасы мясной – 5,5 т., пирожков – 14,2 т., булочных и кондитерских изделий – 64,1 т., пельменей – 14,5 т., мороженного – 1,6 т., копчёной рыбы – 26,4 т., квасу – 29528 гектолитров, морсу – 60,1 тыс. литров, фруктовых вод – 47,3 тыс. литров."
"192";"1941";"Впервые освоены некоторые виды продукции: лыж (выпущено 2000 пар), чемоданов и пр."
"193";"1941";"В городе 21 детских сада с общим обхватом детей 985 человек."
"194";"1941";"С началом войны гарнизон (в с. Красное) огородился, и школу перенесли в здание, находящееся на берегу Амура в районе Лесозавода. В то время школа официально называлась Красносельская семилетняя школа. Военный годы были тяжелыми. Все лежало на плечах женщин. Сажали картошку, капусту, работал колхоз «Красный восход». Существовала рыболовецкая бригада, в которой работали одни женщины. Сами вбивали сваи, строили заездки и неводили рыбу. Дети же помогали взрослым: вязали рукавицы и носки, собирали вещи, отправляли посылки на фронт. Работали под девизом: «Все для фронта! Все для Победы!». В то время не было ни детского сада, ни яслей, поэтому с маленькими детьми нянчились по очереди школьники. Всех малышей сводили в избу-читальню, где за ними присматривали дети постарше. Родители приносили молоко, яйца, продукты всякие, вещи и ребята занимались воспитанием: варили каши, кормили, играли. (Из воспоминаний очевидца событий Шлудовой Валентины Ивановны)."
"195";"1941";"Началось строительство нефтебазы хозяйственным способом. В последствии на территории нефтебазы находились кроме резервуаров – контора, склад, баня, несколько производственных помещений. Топливо завозилось баржой в 200-литровых металлических бочках. На нефтебазе была своя конюшня, располагавшаяся в районе “Площадка”. Лошадь использовали для поездки в город по делам нефтебазы. Здесь же для работников нефтебазы стоял большой двухэтажный дом типа малосемейки, работал продовольственный магазин."
"197";"1941";"Всего по району им. Полины Осипенко значкистов ГТО было 53 чел., БГТО – 144 чел., ГСО- 732 чел, ПВХО – 100чел. Работает 11 оборонных кружков, спортивных секций – 21 (секция штыкового боя, бокса, лыжная и др.)."
"198";"1941";"Театр драмы Николаевска-на-Амуре, как и многие коллективы страны, переход на военный репертуар начал с постановки пьесы К. Симонова «Парень из нашего города» о гражданской войне в Испании 1936–1939 гг. Среди первых спектаклей была также пьеса Г. Мдивани «Честь» о жизни на погранзаставе в предвоенные годы. Затем были поставлены спектакли, посвящённые событиям Великой Отечественной войны: «Война объявлена» Л. Иткина, «Сильнее смерти» П. Жаткина, «Глубокая разведка» А. Крона. Летние месяцы театр проводил в отдалённых населённых пунктах Нижнеамурского и Ульчского районов. Так, летом 1942 г. жителям Де-Кастри, Софийска, Херпучи, Удыль и других посёлков были показаны 66 спектаклей и ряд концертных выступлений, на которых побывали около 20 тыс. зрителей. Сборы от спектаклей направлялись в Фонд обороны страны и в Фонд помощи детям фронтовиков. Театральные коллективы активно участвовали в общественной жизни, например, трудились на городских воскресниках. Так, деятели культуры Николаевска-на-Амуре в зимний период 1941–1942 гг. помогали строить грунтовую дорогу, обеспечивавшую войскам выход к Охотскому морю."
"199";"1942";"Подсобные хозяйства дали трудящимся города 712,2 тонны картофеля, 393,3 тонны капусты, прочих овощей – 74 тонны (овощами и мясо-молочными продуктами население города обеспечивали подсобные хозяйства)."
"200";"1942";"В клубе моряков состоялось вручение переходящего Красного знамени Государственного комитета обороны Николаевскому морскому пароходству за успехи, достигнутые во Всесоюзном соревновании."
"201";"1942";"В годы войны в условиях перенесения нагрузки водного сообщения на Тихоокеанский бассейн резко возросла значимость гидротехнических сооружений на Дальнем Востоке, что и было отражено в производственной деятельности НКВД. Строительство № 201 и исправительно-трудовой лагерь в Николаевскена-Амуре вели дноуглубительные работы (обеспечивая судоходные глубины до 5–7 м и улучшение судоходных условий на участке длиной 565 км от Комсомольска до Николаевска, включающем нижнее течение Амура, Восточный (лиман Амура) и Сахалинский (Татарский пролив) фарватеры, подходы к Николаевскому порту). Одновременно в Николаевске шло строительство судоремонтного завода, порта, дока, посёлка. Требовалось создать условия для прохода судов из Охотского моря в Татарский пролив и обратно, особенно для проводки на большую воду кораблей, построенных в Комсомольске-на-Амуре. В 1942 г. подводный канал со шлюзами на самых сложных участках был готов к эксплуатации. Одним из первых по нему провели крейсер «Калинин», спущенный на воду на Комсомольском судостроительном заводе № 199 и прибывший на боевое дежурство во Владивосток. В этом же году лагерь был закрыт, а строительное управление № 201 передано Наркомречфлоту."
"202";"1942";"На судоверфи выполнялись токарные работы для каравана земснарядов, которые углубляли фарватер Амура для проводки строящихся в Комсомольске-на-Амуре кораблей. За досрочное выполнение задания 33 работника предприятия были награждены правительственными наградами. Среди них Нина Петровна Кузнецова, удостоенная ордена «Знак Почета»."
"203";"1942";"Горпромкомбинат освоил выпуск жестяных, столярных, бондарных изделий. Артель «Интернационал» освоила выпуск мыла из жиров морзверя, выработку кож, изготовление детских и женских лыж. Артель «Коллективистка» выпустила широкий ассортимент пошивочных изделий."
"204";"1942";"В справке 1942 года об итогах работы сказано: «Звено Нины Теплоуховой (колхоз «Красный Май») с 6 га получило картофеля по 161,5 центнера с гектара, в этом же колхозе звено Анны Грозиной с 6 га получило по 138 центнеров с гектара, звено Анны Плотниковой с 6 га получило по 149,6 центнера». Николаевский областной мельзавод снабжал мучной продукцией всю область и северный Сахалин."
"205";"1942";"В газете «Красный маяк» была опубликована заметка «Теплая одежда для воинов», в которой говорилось: «На 1 октября 1942 года поступило от организаций Николаевска свыше 29 тысяч теплых вещей. В числе их: шуб и полушубков — 469, валенок — 376 пар, ватных телогреек и брюк — 1322 пары, портянок теплых — 4389 пар, теплых рубашек и кальсон — 200 пар, шапок меховых — 1656 штук, рукавиц теплых — 1395, меховых — 100 пар, чулок меховых — 103 пары и др.»."
"206";"1942";"В конце февраля 1942 г. был решен вопрос о реконструкции Николаевского-на-Амуре порта для того, чтобы пароходство могло обслуживать не только Сахалин и Охотское побережье, но и Камчатку. При подготовке к навигации 1942 г. в Николаевском-на-Амуре пароходстве, несмотря на обеспеченность рабочей силой лишь на 50% и недостаток автомобильного, тракторного и гужевого транспорта, произвели строительство двух новых свайных морских причалов и трех ряжевых речных причалов, установку погрузо-разгрузочных механизмов, а также ремонт судов, причалов, механизации. На строительстве пирсов и причалов самоотверженно трудились бригадир плотников Мотырев, копровой Мухин, десятник Исаев и др. Моряки в течение всей зимы работали сверхурочно. Напряженная работа потребовалась от работников мастерских по ремонту судов. Слесарь Маевский, котельщик Чурилов, мастер столярно-плотницкого цеха Лобастов выполняли нормы на 200% и выше."
"207";"1942";"Для выполнения производственных задач Николаевскому-на- Амуре государственному морскому пароходству приходилось преодолевать проблемы, связанные с нехваткой буксиров, аварийностью плавсредств, авральной работой по обработке судов. Несмотря на это, коллектив добивался высоких показателей в работе, за ударный труд ему в течение 1942 г. присуждались передовые места во Всесоюзном социалистическом соревновании, переходящее Красное знамя НКМФ СССР и Знамя Государственного Комитета Обороны СССР. План грузоперевозок 1942 г. был выполнен 22 октября. Транспортный флот пароходства в количестве 9 судов перевез за год 163 тыс. т грузов. Грузоподъемность флота использовалась на 128,5% по отношению к плану. За успешную работу коллективу пароходства в течение августа, сентября и октября 1942 г. присуждались передовые места во Всесоюзном социалистическом соревновании и переходящее Красное знамя НКМФ СССР, а в августе было присуждено первое место и Знамя Государственного Комитета Обороны СССР. В коллективе Николаевского-на-Амуре порта было немало передовиков производства. Киров Николай Васильевич, бригадир грузчиков, выполнял нормы выработки в отдельные дни на 200–250%, а за навигацию 1942 г. – на 103%. Мухин Иван Степанович, также бригадир бригады грузчиков, нормы выработки выполнял в отдельные дни на 150–200%. Ударно трудились и другие работники порта: диспетчер порта Дубовой Петр Артемьевич, прораб первого участка порта Червяков Степан Александрович, слесарь Бикенин Зарым Карымович, слесарь Мишин Александр Семенович."
"208";"1942";"Вступил в строй морской порт Маго."
"209";"1943";"Закончено строительство хлебокомбината."
"210";"1943";"Под девизом «Все для фронта, все для Победы» только за первые два года войны жители Николаевска-на-Амуре внесли в Фонд обороны 5,5 млн рублей наличными деньгами и 6 млн. рублей – облигациями государственного займа. Сверх того, на строительство самолетов и танков николаевцы отчислили 2,5 млн рублей. Во многом, благодаря героическому труду жителей Николаевска-на-Амуре в годы Великой Отечественной войны город получил почетное звание «Город трудовой славы Хабаровского края»."
"211";"1943";"Стали активно поступать импортные грузы в Николаевск-на-Амуре (по ленд-лизу), Верхнеамурское речное пароходство перевыполнило производственный план. За год было перевезено 4 тыс. т импорта."
"212";"1943";"В разгар войны завершилось строительство судоремонтного завода. В строй вступили литейный и корпуснокотельные цехи. Частично станочный парк завода был оборудован за счет поставок по лендлизу из США. Первым директором завода стал Петр Васильевич Рукавишников. На следующий год судоремонтники отличились: на заводе была построена первая металлическая баржа грузоподъемностью 500 тонн."
"213";"1943";"Судоремонтный завод («Судоремонтный и судостроительный завод № 3 НКМФ») являлся самым крупным предприятием в городе и занимал ведущее место среди других предприятий в выполнении народно-хозяйственных задач союзного масштаба."
"214";"1943";"Комсомольцы завода организовали сбор средств на строительство авиаэксадрильи “Хабаровский комсмомол”."
"215";"1943";"Открыто несколько новых столовых, пущены в эксплуатацию три новых бани, 2 ручные прачечные. Строились артезианские колодцы. Предприятия местной промышленности и промкооперации освоили выпуск новых видов продукции: колес, телег, дуг, хозяйственного мыла, меховой и кожаной обуви, деревянных ложек, колесной мази, сапожного крема, чернил, мебели, жестяной и гончарной посуды."
"216";"1943";"Производственный план 1943 года предприятиями местной промышленности выполнен на 125,9% и составил 138,1% к фактическому производству 1942 года. Лучших показателей в выполнении производственных планов добились Охотский, Богородский промкомбинаты, Николаевский-на-Амуре горпищекомбинат, городская промысловая артель “Интернационал”, промартель “Прогресс” Ульчского района."
"217";"1943";"Открыт морской техникум, преобразованный в следующем году в морское училище. Имел судоводительское, механическое и радиотехническое отделение. На первый курс принято 150 человек. В 1949 году училище переведено в г. Холмск."
"218";"1943";"Образован учебный комбинат Нижнеамурского госрыбтреста с целью подготовки квалифицированных кадров для рыбзаводов."
"219";"1943";"Начато строительство новой шоссейной дороги Николаевск – п. Озерпах."
"220";"1943";"В городе при участии городского населения начато строительство дороги по ул. Советской, являющейся основной дорого, связывающей город с гидропортом и военным аэродромом, с одной стороны, и с другой – с судостроительным заводом № 3 Наркомфлота, а также с селом Красное."
"221";"1943";"Николаевцы собрали 200 тыс. рублей на восстановление нормальной жизни в районах, временно оккупированных немецко-фашистскими захватчиками."
"222";"1943";"Основана школа № 3. В середине 50-х имела статус семилетней."
"223";"1943";"Николаевская судоверфь приступила к строительству рыболовных судов типа МДС – малых дальневосточных сейнеров. Весной 1944 года она выдала заказчику первую партию таких судов. В следующем году на судоверфи освоили поточно-позиционный метод строительства деревянных корпусов сейнеров."
"224";"1943";"Привлечено на производство 75 женщин, 40 специалистов разных квалификаций, работавших ранее в других организациях не по специальности и подготовлено 140 учеников из числа подростков. Как следствие, улучшившейся организации производства выросла производительность труда, снизилась себестоимость продукции."
"225";"1943";"Местная промышленность Нижнеамурской области выросла за 3 года с 2 небольших хозяйств в 1940 году до 7 районных промкомбинатов с 35 цехов."
"226";"1943";"В п. Маго ввод в эксплуатацию в 1943 году электростанции «Колхозница» мощностью в 60 кВт. Это помогло механизировать часть работ по строительству порта, сваи стали забивать копром."
"227";"1943";"В Маго пришла землечерпалка, произвела углубление бухты и путем намыва подняла территорию островной части порта. Это позволило значительно увеличить оборот грузов, но во всем продолжал преобладать ручной труд, так как техники почти не было. Первый трактор ЧТЗ появился в 1943 году»."
"228";"1943";"На базе Акишинского кирпичного завода был организован сахтинский районный промышленный комбинат."
"229";"1943";"В с. Мариинское организованы 2 промысловые артели, открыто 7 новых цехов, в том числе 4 кожевенных и 10 производственно-бытовых мастерских."
"230";"1943";"Закончено строительство Охотского рыбозавода и рыбокоптильного цеха с камерами емкостью 125 центнеров."
"231";"1943";"Всего хозяйств по Красносельскому сельскому совету (сёла Красное, Каменка и рыбный промысел “Чныррах”) – 290."
"232";"1944";"На судоремонтном заводе была построена первая металлическая баржа грузоподъемностью 500 тонн."
"233";"1944";"На 1 мая 1944 года на судостроительном заводе работало свыше 1650 человек."
"234";"1944";"1944 г. – на базе Тугурского краеведческого пункта создан областной краеведческий музей. Имел три отдела: природы, истории и социалистического строительства."
"235";"1944";"Ремесленное училище № 12 перебазировано на территорию судостроительного завода. На тот момент количество студентов равнялось 450."
"236";"1944";"Организован плодово-ягодный питомник."
"237";"1944";"Создана производственно-кооперативная артель инвалидов войны “Рассвет”."
"238";"1944";"В связи с тем, что за первое полугодие 1944 года выбыли в районе им. Полины Осипенко из состава учеников по разным причинам 61 чел (в основном из-за отсутствие одежды и обуви, трудные материальные условия многих семей) были приняты следующие меры: проводился в общественном порядке сбор обуви, одежды, белья в помощь нуждающимся детям и прежде всего детям фронтовиков. Школьникам выдано 400 пар ботинок, 8 пар ичиг, 2 пары унтов, около 40 рубашек, 7 пальтишек, брюки, бельё, чулки, 100 метров мануфактуры для интерната."
"239";"1945";"На ССЗ вступил в строй слип."
"240";"1945";"На базе особой строительной монтажной части Военморстроя СССР создано особое строительно-монтажное управление (ОСМУ-8) для рекострукции судостроительного завода и морского порта."
"241";"1945";"Морской транспорт принимал самое активное участие в сосредоточении вооружённых сил на дальневосточных рубежах СССР в период подготовки к войне с Японией и затем в обеспечении их действий. Суда Николаевского-на-Амуре морского пароходства в 1945 г. были мобилизованы на подготовку советских войск к освобождению южной части Сахалина. В июне-июле указанного года резко увеличился объем перевозок воинских грузов на северо-западное побережье острова и в портовый пункт Москальво. Небольшие суда «Амур», «Ветлуга», «Л. Красин», «Охта», «Сорока», «Шилка», «Байкал», «Желябов» и другие переправили через обмелевший за зиму северный фарватер Амурского лимана в названные пункты свыше 80 тыс. т грузов и 4 тыс. военнослужащих."
"242";"1945";"Несмотря на тяжелые условия военного времени, продолжали развиваться промышленность, сельское хозяйство, культурное строительство. Если в 1940 году объем валовой продукции промышленности (без золотодобывающей промышленности) составил 26016 тыс.рублей, то в 1946 году он достиг (без золотодобывающей промышленности) 50271 тыс.рублей. Объем капитальных вложений за эти годы составил 170 млн.рублей, в том числе по строительству промышленных объектов – 91835,5 тыс.рублей, по жилищному строительству 14195,4 тыс.рублей, по культурно-бытовому строительству – 5737 тыс.рублей. В области в этот период построены и введены в действие судостроительный завод № 3, судостроительная верфь, Николаевский хлебосухарный комбинат с суточной производственной мощностью 27 тонн хлеба, Магинский порт, лесотарный комбинат, 15 рыбозаводов и рыбобаз, 4 рыбоконсервных рыбозавода, 6 рыбокоптильных заводов, 60 рыбообрабатывающих цехов. Построены новые электростанции. Вся мощность на электростанциях области возросла в два с лишним раза. Особенно быстрыми темпами развивалась государственная рыбная промышленность."
"244";"1945";"В городе за время войны организовано 2 новых детских сада. Количество детей, посещающих детские дошкольные учреждения, увеличилось в 3 раза. В 1941 году – 273 человека, в 1943 году – 711 человек. Всего за годы войны в Рабоче-Крестьянскую Красную армию было призвано 13,7 тыс. нижнеамурцев. В годы войны на полях сражений погибло или умерло от ран в военных госпиталях более 2,6 тыс. человек, призванных на войну из Николаевска-на-Амуре и Николаевского района. 1946-46 – в районе им. Полины Осипенко было так же 12 школ с 1306 учащимися: 9 начальных школ с количеством учащихся 324 чел., 2 неполных средних школы – с 585 учащимися, одна средняя с 407 учащимися; а также, два интерната: при начальной Гонгренской и средней Веселогорской школах с охватом 158 человек. Количество учителей – 57 человек, из них с высшим образованием – 19 человек, со средним педагогическим – 35 человек и незаконченным средним образованием – 3 учителя."
"245";"1946";"Начато строительство городской коммунальной электростанции мощностью 500 кВт."
"246";"1946";"Развёрнута больница на базе старого здания ремесленного училища."
"247";"1946";"На судостроительном заводе введён в эксплуатацию сухой док."
"248";"1946";"Земснаряд «Лена» промыл перемычку, и в док ввели грузопассажирский пароход «Ола». Это был первый на заводе корабль поставленный в сухой док."
"249";"1946";"Открыто ателье мод для пошива верхней одежды."
"250";"1946";"Краеведческий музея открыт для посещений."
"251";"1946";"Объем валовой продукции промышленности достиг (без золотодобывающей промышленности) 50271 тыс.рублей (в 1940 году – составил 26016 тыс.рублей). В области в этот период построены и введены в действие судостроительный завод № 3, судостроительная верфь, Николаевский хлебосухарный комбинат с суточной производственной мощностью 27 тонн хлеба, Магинский рыбный порт, лесотарный комбинат, 15 рыбозаводов и рыбобаз, 4 рыбоконсервных рыбозавода, 6 рыбокоптильных заводов, 60 рыбообрабатывающих цехов. Построены новые электростанции. Вся мощность на электростанциях области возросла в два с лишним раза. Особенно быстрыми темпами развивалась государственная рыбная промышленность."
"252";"1946";"В п. Маго привезли дизель американского производства мощностью 300 кВт. Стали строить более мощную электростанцию, и уже в конце 1946 г. впервые дали населению электричество. Сделали засыпку болота грунтом со дна Пальвинской протоки, проложили улицы, построили дома."
"253";"1947";"Открылось регулярное речное товаро-пассажирское сообщение между г. Николаевском-на-Амуре и портами Южного Сахалина."
"254";"1947";"Образована Николаевская-на-Амуре рыбопромысловая мореходная школа юнг. Школа занималась подготовкой квалифицированных кадров для работы на судах флота рыбной промышленности (шкипер-моторист и др.)."
"255";"1947";"Судоремонтный завод приступил к строительству морских буксиров."
"256";"1947";"Отменены карточки на продовольствие и промышленные товары."
"257";"1948";"При городской больнице открыты туберкулёзный и кожно-венерологический диспансеры. В городской поликлинике открыт зубопротезный кабинет и установлена рентгенологическая аппаратура."
"258";"1948";"В Николаевском-на-Амуре медицинском училище работало подготовительное отделение народов Севера. Принимались представители коренных народов Севера в возрасте до 16 лет, окончившие 6 классов."
"259";"1948";"Промышленные предприятия города выполнили государственный план на 101,1%"
"260";"1948";"В Николаевске-на-Амуре был организован 257 авиаотряд Дальневосточного управления гражданского воздушного флота. В распоряжении авиаотряда находились три самолета ПО-2 и две амфибии Ш-2. Полеты на этих самолетах производились зимой со льда залива, а летом – с сухопутного аэродрома воинской части, которая располагалась на месте нынешнего авиапредприятия. К работе в гражданской авиации города Николаевска-на-Амуре приступили демобилизованные летчики, прошедшие суровую школу полетов в Великой Отечественной войне. Среди них были: Виктор Кравец, Семен Богатырев, Петр Мацнев, Алексей Бойко, Александр Коробышев, Иван Илюхин, Алексей Шанский, Павел Шариков, Василий Шустенко. Спрос на авиаперевозки в то время был такой высокий, что летчикам приходилось по 10-12 часов сутки и до 240 часов в месяц. Командиром отряда был Виктор Кравец. Авиаотряд пополняется первыми выпускниками летных училищ гражданского воздушного флота."
"261";"1948";"Проведено радио в населенный пункт Лысая гора; построена электростанция в с. Иннокентьевка, село полностью электрифицировано; начато строительство электростанции в с. Вайда."
"262";"1948";"В порту Маго стал действовать лесотарный комбинат, который готовил бочковую тару для Нижнего Амура и Охотского побережья. Построены клуб и библиотека. С тех пор многие годы порт и лесотарный комбинат работали как обособленные предприятия. В Маго продолжали строиться новые дома, увеличивалось население. В 1948 году на острове были построены клуб и библиотека, которые располагались напротив комбината."
"263";"1948";"В с. Красносельской школе обучалось 127 человек (в следующем уже 160), библиотечный фонд составлял 1157 книг."
"264";"1949";"На базе бывшего морского училища создана мореходная школа. В 1959 году переведена в Корсаков (Сахалин)."
"265";"1949";"Сеть розничных предприятий «Нижнеамурского рыболовпотребсоюза» увеличилась на 18 единиц за счет переданных двух магазинов от Хабаровского и Нижнеамурского торга в Николаевском совхозе и 16 вновь открытых."
"266";"1949";"Нижне-Амурская школа медсестер осуществляется первый набор учащихся в подготовительную группу из числа коренных малочисленных народов Севера с содержанием на полном государственном обеспечении."
"267";"1949";"На базе мехмастерской ТСК организован механический завод (позднее судоремзавод) на Первом Номере (ныне с.Подгорное)."
"268";"1949";"Промышленные предприятия города выполнили государственный план на 109%, дав на 10 млн.рублей продукции сверх плана."
"270";"1949";"В первые послевоенные годы поднималось животноводство в колхозах области. Только за 1949 год вновь организовано 9 ферм крупного рогатого скота, 6 свиноводческих, 4 овцеводческих, 5 птицеводческих ферм. Рыболовецкие колхозы сдали 647,1 тысяч центнеров рыбы. Проведена электрификация 21 колхоза. МТС пополнились новой техникой. Ведущие отрасли хозяйства области – рыбная и золотодобывающая – перевыполнили установленные планы. В области построено и введено в эксплуатацию 17 тыс.кв.метров жилой площади. Кроме того, построено свыше 550 домов индивидуальных застройщиков. Построено и введено в действие 15 бань, 34 магазина, 17 пекарен, 18 складов и ледников, вновь открыто 14 школ, 16 интернатов, 2 избы-читальни, 3 клуба, две библиотеки, шесть фельдшерских пунктов, 15 киноустановок. Медицинские учреждения пополнились рентгеновскими установками, лабораторно-диагностическим и физиотерапевтическим оборудованием."
"271";"1950";"Совет министров СССР принял постановление “О мерах по дальнейшему развитию пищевой промышленности в Хабаровском крае”, в котором, среди прочего, предусмотрено строительство в г. Николаевске-на-Амуре холодильников при мясокомбинатов."
"272";"1950";"Пятилетнее задание по добыче и обработке рыбы выполнили три рыбокомбината, 6 рыбозаводов и 25 колхозов. Лучших показателей по вылову рыбы достигли рыбозаводы “Коль”, “Тнейвах”, “Пуир”, а колхозы “Дельфин”, “Зеленая роща”, имени Ильича выполнили по два и более пятилетних плана."
"273";"1950";"Большинство промышленных предприятий выполнили годовые планы досрочно к 1 ноября."
"274";"1950";"Со временем гидросамолеты вытеснялись сухопутными машинами, поэтому возникла потребность в создании базы для их эксплуатации. Первое небольшое помещение на территории современного аэропорта было построено в 1950 году силами личного состава."
"275";"1950";"Сдается в эксплуатацию пивоваренный завод."
"276";"1950";"Создана автотранспортная контора."
"277";"1950";"Организована изостудия на базе клуба судоверфи."
"278";"1950";"Открыто автобусное движение в пределах города (проезд – 25 копеек). Первый маршрут – Мельзавод – Хлебокомбинат."
"279";"1950";"В Гырмане (микрорайон п. Маго) открылся медпункт, на берегу протоки построили школу."
"280";"1950";"В селе Красное организован интернат при школе, в котором жили и обучались дети народов нижнего Амура. Заведующей интернатом назначена Толстова Е.М. Школу посещали дети из Чнырраха, Каменки и микрорайонов села Красного: Лесозавода, Гарнизона, Первой и Второй Патхи. За каждый участок согласно приказу директора школы отвечал педагог, в обязанности которого входило наблюдение за участком и обеспечение посещаемости детей, на нем проживающих."
"281";"1950";"На начало года (в колхозе “Красный восход”): колхозных дворов – 19, трудоспособных членов колхоза – 25, в т.ч. мужчин – 14."
"283";"1950";"К 1950 году в г. Николаевске были представлены разные виды промышленности: добыча золота, заготовка и обработка древесины, судостроение, рыболовство и рыбопереработка, пищевая промышленность (колбасная фабрика, горпищекомбинат, выпускающий безалкогольные напитки, пиво, кондитерские и хлебобулочные изделия, ягодное вино, копченую, соленую и маринованную рыбу, джемы-варенье, грибы). Работали кирпичный завод, гостиница, баня, парикмахерские, Амурстрой, типография, артели по производству мебели, обуви и других кожаных изделий, одежды, головных уборов, бондарных изделий, саней, предметов быта и земледелия, фотографии. Была развита сеть торговых государственных и кооперативных организаций, сеть предприятий общественного питания. Нижнеамурцы занимались животноводством: разводили крупный рогатый скот, свиней, коз, овец, держали лошадей. Было даже пчеловодство. Предприятия союзно-республиканской промышленности выполняли план более чем на 100 %, морской порт перевыполнял план в 4 раза. Функционировали 2 больницы, 12 школ, 2 яслей, 1 детский сад, 4445 радиоточек. Строились дороги, мосты, водопровод, тысячами высаживались деревья."
"284";"1950";"В городе построены кинотеатр, пивзавод, заканчивалось строительство макаронной фабрики, восстановлен кирпичный завод. Построено и сдано в эксплуатацию 11 тыс.кв.метров жилой площади, свыше 300 жилых индивидуальных домов, 15 мостов и переездов, более 60 тыс.кв.метров мощенных и шоссейных дорог."
"285";"1950";"В 1950-1960-е гг. происходил процесс структурной типизации клубной сети, преобразование в Дома культуры, создания передвижных учреждений культуры. В Николаевске-на-Амуре действовало около 20 стационарных и 4 приклубных библиотеки, одна из них, районная – в селе Озерпах. Получили развитие такие формы работы, как книгоношество, читательские конференции, библиотеки передвижки на фермах, рыболовецких заездках."
"286";"1950";"В конце 1950-х годов на смену деревянному приходится каменное домостроение. Появляются первые трехэтажные дома."
"287";"1950";"В начале 50-х годов в Маго, построили баночную фабрику по производству тары для рыбных консервов. Из воспоминаний Зюкова Юрия Даниловича, ныне пенсионера: «Я работал в летний период на баночной фабрике, когда учился в 7-ом классе. Мы, мальчишки, переносили жестяные банки в картонных коробках на баржу, их отправляли на рыбозаводы в Озерпах, Чныррах и Орель –Чля. Цеха были светлые, чистые, и росло много цветов. В первом цехе автоматически резалась жесть на полоски и шла по конвейеру на паяльные станки. В другом цехе впаивались донышки на эти полоски жести. Отдельно сортировались крышки и упаковывались по коробкам. Баночная фабрика в Маго просуществовала недолго, её перевели в г. Находка (Исп. п. Ванино). Многие семьи переезжали на новое местожительство, а мы остались»."
"288";"1950";"В конце 50-х годов в с. Чля переехало управление Колчанских приисков."
"289";"1951";"Из городской больницы выделились родильный дом, противотуберкулёзный (на базе противочумного пункта) и кожно-венерологический диспансеры."
"290";"1951";"На базе колбасной мастерской Нижнеамурского облрыболовпотребсоюза образована колбасная фабрика."
"291";"1951";"Расширены цеха городского пищекомбината, где увеличился ассортимент и выпуск конфет, мармелада, баранок, других кондитерских изделий."
"292";"1951";"На базе аэропорта и авиазвена организован 144-й объединенный авиаотряд. Его первым руководителем назначается Сергей Ерлыкин, прибывший из Сасовского летного училища. В этом же году в авиаотряд поступили, новые по тем временам самолеты Ан-2- это значительно расширило зону полетов на север. Авиация стала обслуживать Тугуро-Чумиканский, Аяно-Майский и Охотский районы Хабаровского края. В это же время из Хабаровска летали пассажирские самолеты Ли-2, перевозившие до 20 пассажиров. Началось интенсивное освоение северных районов Хабаровского края. Открывались новые воздушные трассы на Нелькан, Аян, Чумикан, Курун-Урях. Но для этого в этих северных поселках требовалось создать сеть аэродромов. Фактически сегодня все аэропорты и посадочные площадки северных территорий – плоды труда тех лет."
"293";"1951";"Открыты цех химчистки, артель “Бытовая”, больница на заводе № 3, расширена сеть детских садов."
"294";"1951";"Посевная площадь в районе выросла до 342 га, поголовье скота выросло за 5 лет на 1300 голов и составило к 1951 году 2919 голов."
"295";"1951";"Образована Детская школа искусств."
"296";"1951";"Открыт городской пляж, в парке установлена карусель, объединены городской сквер и пионерский парк, для этого был засыпан существующий между ними проезд, достроены и введены в эксплуатацию бани судоверфи, морского порта, освещены улицы Советская, М.Горького, Сибирская, Приамурская, Красноармейская, Орлова, а также поселки завода № 3, судоверфи и поселок “Строитель”, мост через р. Куегда. Парк автотранспортной конторы увеличен до 8 автобусов и 15 грузовых автомашин. Произведена инвентаризация домов в городе. На углу улиц Кантера и М.Горького открыт ресторан 2 класса Нижнеамурского торга, начала работу детская музыкальная школа."
"297";"1951";"Областная школа медицинских сестер получила новое здание, отремонтированное стройуправление № 4."
"298";"1951";"На базе областной школы медицинских сестер организованы курсы лаборантов сроком на 6 месяцев."
"299";"1951";"Открыт кинотеатр «Родина» с возможностью широкоэкранного показа кинофильмов. Кроме того, в городе имелась летняя площадка с киноустановкой в парке им. Горького и школьная кинопередвижка."
"300";"1951";"На судоверфи построено сильное лесораспилочное хозяйство (3 бревнотаски производительностью более 1000 м3 древесины в смену, 3 пилорамы) и деревообрабатывающее производство. Из трёх судоверфей, принадлежащих Минрыбпрому и расположенных на Амурском бассейне (Хабаровской и Иннокентьевской), наша была самой мощной и совершенной."
"301";"1951";"В Николаевском районе образован Нигирский леспромхоз."
"302";"1952";"Объединение 257го авиаотряда и аэропорта в 144-й объединённый авиаотряд (с 1963 называется Николаевский объединенный авиаотряд). В дальнейшем отряд развивался. Появляются новые самолеты АН-2, ЯК-12, ЛИ-2, а на рубеже 1950-х – 1960-х годов – первые вертолеты: сначала МИ-1, а затем МИ4. В 1970-1980-е годы Николаевский объединенный авиаотряд – одно из крупнейших предприятий в крае с тремя базовыми аэропортами в Николаевске-на-Амуре, Мариинске и Охотске."
"303";"1952";"Построено новое здание для школы № 1."
"304";"1952";"На ССЗ поступил первый сварочный аппарат ТС-17."
"305";"1952";"Начала действовать первая детская музыкальная школа. В первом учебном году в школе имелись классы фортепьяно, скрипки и народных инструментов."
"306";"1952";"В п. Маго прибыл пароход из Тахты с книгами для библиотеки. В посёлке Маго появилась красивая пристань."
"307";"1953";"Открыта городская библиотека."
"308";"1953";"Судоверфь перешла на металлическое судостроение. Бывшие рабочие-судоплотники осваивают профессию клепальщиков. Во второй половине 1950-х от клепки судов переходят к сварочной сборке – вначале ручной, затем полу- и автоматической."
"309";"1953";"Из городской больницы выделена психиатрическая больница."
"310";"1953";"Образована городская санитарная дружина Общества Красного Креста."
"311";"1953";"Построено новое здание ремесленного училища № 12."
"312";"1953";"За два года в город (на ССЗ) приехало около 200 специалистов с высшим образованием, свыше 800 выпускников ПТУ и ФЗО, квалифицированных судостроителей со всех уголков страны (Архангельск, Астрахань, Таллин, Херсон, Рига, Одесса, Ярославль, Горький, Владивосток, Холмск и др.)."
"313";"1953";"Подведомственная сеть сельского Совета включает в себя с фельдшерский пункт, с библиотеку, общеобразовательную школу, интернат при школе, сельский клуб, два детских ясли-сада. Кроме того, бытовые и торговые услуги населению оказывали: отделение почтовой связи, узел электросвязи, ювелирная мастерская, сберкасса, пять магазинной продовольственных и смешанных товаров, две столовые, баня."
"314";"1953";"Открыта Библиотека в с. Красное. До того она работала как изба-читальня при сельском клубе. Под библиотеку было отведено помещение в красном уголке лесозавода, площадью 20 кв. м. библиотекарем работал Шумилкин Василий Георгиевич, член ВЛКСМ, образование 6 классов, прошедший обучение при детской библиотеке. Обслужи-вала библиотека членов рыболовецкого колхоза, рабочих и служащих лесозавода и нефтебазы. На момент начала работы библиотечный фонд состоял из 2423 книг, достаточно большую часть из них составляли книги по развитию рыбных промыслов. В 1980-е гг. учреждение носило звание «библиотека отличной работы!"
"315";"1953";"В с. Красное к 1953 г. находились фельдшерский пункт, библиотека, общеобразовательная школа, интернат при школе, сельский клуб, два детских ясли-сада."
"316";"1953";"Вступил в строй Лазаревский морской порт."
"317";"1953";"Городской Дом пионеров получил постоянное помещение – здание бывшего горисполкома."
"318";"1954";"Николаевску передан энергопоезд с закрывшейся стройки № 206 (тоннель м. Лазарев – Сахалин)."
"319";"1954";"Открыта психоневрологическая больница."
"320";"1954";"Построен кирпичный завод."
"321";"1954";"Открыта детская музыкальная школа."
"322";"1954";"ССЗ приобрел радиоактивный изотоп для проведения контроля сварных швов."
"323";"1954";"В областной школе медицинских сестер открывается фельдшерское отделение."
"324";"1954";"Открыта инфекционная больница."
"325";"1954";"Открылась ДЮСШ с двумя отделениями: лыжные гонки и баскетбол."
"326";"1954";"Клубу завода № 3 присвоено имя А.М. Горького."
"327";"1954";"Красносельская неполная средняя школа реорганизована в Красносельскую среднюю школ. В ней обучаются учащиеся в 2 смены с 1 по 8 класс. В лето 1965 школа вновь меняет название и становится Красносельской-восьмилетней школой."
"328";"1954";"В п. Маго открылась начальная школа по улице Рейдовой. Заведующая школы – Сидорова Вера Фёдоровна. Во всех классах – 19 человек. Школа находилась в неприспособленном здании, и к лету 1955года была построена одноэтажная деревянная школа на берегу Докторской протоки. Так как своих учителей не было, пришлось в срочном порядке вызывать учителей из соседних сёл. Посёлок строился, подрастало новое поколение детей, и возникла необходимость в строительстве большой школы. Построена новая двухэтажная деревянная школа."
"329";"1954";"В Озерпахе открыта библиотека Через пару лет библиотеку перевели в другое, более просторное помещение в деревянном доме, где по соседству расположились клуб и магазин. Сотрудники библиотеки активно работали с коллективами предприятий и населением поселка, выезжали на рыболовные заездки, функционировали 15 передвижных библиотек, которые располагались у жителей п. Озерпах и два филиала Озерпахской библиотеки в селах Свободное и Новая Покровка. Проводились методическая работа и мероприятия различной тематики: консультации и семинары для заведующих сельскими библиотеками, беседы, лектории, вечера поэзии, на одном из которых Рутен Аёшин, нижнеамурский поэт, писатель и журналист подарил Озерпахской библиотеке свою книгу «Ветры» из семи стихотворений с дарственной надписью: «Библиотеке от её пусть не читателя, но почитателя. Вечер поэзии – сентябрь 1968 год»."
"330";"1954";"Библиотекарем Эммой Иннакентьевной Слесаренко с целью ликвидации неграмотности среди населения была организована группа пионеров средней школы, которые помогали овладеть грамотой, не умеющим читать озерпахцам."
"331";"1954";"Сахаровская изба-читальня передана в с.Тывлино, а в с.Сахаровка открыт сельский клуб."
"332";"1955";"Объем выпуска валовой продукции увеличился на 24,8%, а по местной и кооперативной промышленности на 37,3%. Действовало 6 электростанций. Работали 8 детских садов, 6 яслей, 13 школ. В городе проживали 38702 человека (с пригородной зоной — более 50,5 тысяч человек). Набирали обороты производства 9 рыболовецких колхозов. Совхоз снабжал население мясом, молоком, яйцом. Перевозку пассажиров и грузов обеспечивала автотранспортная контора, а также автохозяйства, которые имелись почти во всех предприятиях, организациях, учреждениях. Культурно-просветительскую работу осуществляли 21 учреждение культуры, 21 массовая библиотека, 30 киноустановок, непосредственно подчиненными городскому отделу культуры. Объем строительно-монтажных работ СУ-23 «Дальтрасстроя» составлял 2016 тысяч рублей."
"333";"1955";"Образовано добровольное пожарное общество."
"334";"1955";"1955 (56?) г. – Реконструирован пивоваренный завод горпищекомбината, что позволило увеличить его мощность в 3,5 раза, получена новая техника на кирпичном заводе. Объединение двух артелей “Коллективистка” и “Бытовая” в одну с названием “Рассвет” дало возможность сократить управленческий аппарат и снизить себестоимость пошива и ремонта одежды и обуви."
"335";"1955";"За 5 лет построено 89 одно- двухэтажных домов (747 квартир)."
"336";"1955";"В с. Чныррах введено в эксплуатацию здание ДОУ ясли-сад № 37 «Ромашка»."
"337";"1955";"На рыбозаводе Пуир, лесоучастке Виданово, в торговом порту посёлка Мыс Лазарев Нижнеамурского района созданы библиотеки."
"338";"1956";"Построен и заселён первый каменный 3х этажный дом (по ул. Школьной)."
"339";"1956";"Открыта детская поликлиника."
"340";"1956";"Построено 4 водоразборных скважины, открыты благоустроенная детская больница, женская консультация."
"341";"1956";"Школа медсестёр была переименована в Николаевское-на-Амуре медицинское училище. В эти же годы ведется подготовка акушерок, медицинских сестёр для детских учреждений. Основная функция училища – подготовка кадров среднего медицинского персонала для учреждений здравоохранения Хабаровского края. Постепенно развивалась материальнотехническая база учебного заведения, улучшались условия быта студентов, совершенствовался учебный процесс."
"342";"1956";"На смену самолетам ПО-2 пришли самолеты Як-12Т. В этом же году в авиаотряде появились самолеты ЯК-12М, которые пришли на смену ПО-2, а также первый вертолет Ми-1.Первую «Копеечку», так называли ласково авиаторы этот вертолет, пилотировал Борис Калмыков, а первым авиатехником, готовившим к полетам вертолет Ми-1, был Леонид Писарев. С поступлением в эксплуатацию вертолетов значительно улучшились обслуживание геологов и оленеводов, охрана лесов от пожаров и других отраслей народного хозяйства, в которых применялась авиация. Многие в то время отнеслись к этой машине с недоверием, еще не был наработан опыт работы на такой сложной технике, поэтому налет на вертолетах Ми-1 в 1960 г. составил всего 600 ч."
"343";"1956";"В с. Красное фельдшерский пункт реорганизован в фельдшерско-акушерский пункт. В начале 80-х медицинский пункт располагался в деревянном здании с водяным отоплением, имелось три кабинета, аптека и хозяйственная комната."
"344";"1956";"В п. Маго начал действовать Нижнеамурский рейд морской лесной сплотки. На предприятии трудилось 960 человек. Работали цеха: морской участок, транспортный цех, флот и электротепловое хозяйство с постройкой ЛЭП и ТЭЦ. Численность населения выросла до 5,5 тысяч."
"346";"1956";"В 1950-1960-е г. в селе Красное работала кинопередвижка № 487. Обслуживала кинопередвижка села Красное и Половинка. Работа велась на передовом уровне, так, например, в социалистическом соревновании за 1959 г. работники кинопередвижки комсомольцы Грачков и Соколкин заняли первое место по всем показателям."
"347";"1956";"В начале пятидесятых годов открылось регулярное автобусное сообщение между с. Красное и районным центром."
"348";"1956";"В конце пятидесятых в Красносельской школе действовали разнообразные кружки: физкультурные, стрелковые, “Юный киномеханик” (где учащиеся получали удостоверения на право демонстрации узкоплёночных кинофильмов), “Юный автомобилист” (где учащиеся производили полный ремонт школьный техники – машина Газ-51, трактор). Были слесарная и столярная мастерские."
"349";"1956";"В конце шестидесятых годов было построено кирпичное двухэтажное здание Николаевской Нефтебазы."
"350";"1957";"В доке судостроительного завода установлены башенные краны."
"351";"1957";"Клуб моряков (водников) переведён в новое здание, перевезённое с мыса Лазарев."
"352";"1957";"В городе имеется 24 массовых и профсоюзных библиотеки."
"353";"1957";"Для школы № 4 построено новое кирпичное здание, рассчитанное на 250 чел."
"354";"1957";"Организована кружковая работа при школе №1 с биологическим уклоном."
"355";"1957";"Заасфальтировано 21534 кв.метра дорог и тротуаров, построено 28230 кв.метров гравийных и 5650 кв.метров щебеночных дорог, построено и сдано в эксплуатацию 4928 кв.метров жилой площади, в октябре открыта городская коммунальная гостиница на 50 мест. Нижнеамурский торг построил новую благоустроенную чайную на городском рынке на 80 посадочных мест. Открыта столовая в новом здании аэровокзала на 40 мест, построена плавбаза. Николаевский рыбкооп открыл 3 палатки и цех по производству мороженого. Улучшилось торговое обслуживание окраин города. Торговые предприятия пополнились оборудованием и холодильными установками."
"356";"1957";"В п. Маго посевная площадь в то время составила 28 га, в том числе по культурам: картофеля- 13га, овса- 8.5 га., кукурузы-2 га, турнепса-2.5 га, овощей-2 га. Кроме того – ягодники занимали 2,25 га. Валовый сбор картофеля составлял 68 тонн, овощей -38 тонн. По животноводству: крупный рогатый скот – 83 головы, лошадей всех возрастов– 36 голов, свиней – 68 голов. На протяжении 20 лет подсобное хозяйство развивалось и расширялось в области животноводства. Заготовка сена и силоса для нужд хозяйства производилась силами работников рейда на сенокосных угодьях, расположенных по берегам Пальвинской протоки. Ежегодно заготавливалось сено – 200-250 тонн, силоса до 200 тонн. В Гырмане стали строиться 2-х квартирные дома для работников подсобного хозяйства"
"357";"1958";"При судоремонтном заводе организован цех технической эксплуатации флота, приписан флот в количестве 34х единиц (морские танкеры, морские несамоходные сухогрузные лизтеры). Создано общество рационализаторов и изобритателей. Выпуск валовой и товарной продукции по сравнению с 1943м г. вырос в несколько раз. За 12-15 лет судоремонтники повысили уровень производства более чем в десять раз."
"358";"1958";"Проведены большие работы по благоустройству территории судостроительного завода и жилого посёлка. Перед клубом разбит сквер, началось строительство спортивного зала, столовой на 200 посадочных мест."
"359";"1958";"Построены и сданы в эксплуатацию мастерские ремесленного училища № 12."
"360";"1958";"Промышленные предприятия города выполнили план 1958 года на 110,3 %, дали сверхплановой продукции на 13,9 млн. рублей."
"361";"1958";"Силами морского порта ведётся строительства 8-ми восьмиквартирных жилых домов."
"362";"1958";"Начали выполнять полеты на более мощных и тяжелых самолетах Ли-2."
"363";"1958";"Вышел первый выпуск еженедельной многотиражной газеты «Судоремонтник». Выходил до 1959 г., затем с 1966 по 1970 гг. – «Трудовая вахта». Затем, с 1981 по 1991 г. (?) – «Судостроитель». Актив рабкоров составлял около 150 работников завода."
"364";"1958";"На базе школы № 1 открылась секция юных натуралистов. В следующем году отдел образования покупает два дома в районе улицы Чкаловской и отдаёт в пользование секции. В станции юннатов работало 4 вида кружков по природоохранным, зоологическим и юннатским направлениям. Со временем станция получила статус музея, иемя 350 интересных и даже редких экспонатов. Широко была поставлена опытническая работа: по заданию научного института испытывали картофель сорта «Амурский великан». Позже станция заложила плодово-ягодный питомник, создала два лагеря труда и отдыха в Иннокентьивке и Маго, три путинных отряда в Чныррахе, Оремифе, Пуире, школьные лесничества в школах №№ 1, 4, 5, в Лазареве, Чля, Нигире, Озерпахе."
"365";"1958";"Промышленные предприятия города выполнили план 1958 года на 110,3 %, дали сверхплановой продукции на 13,9 млн. рублей."
"366";"1958";"В п. Иннокеньтевка колхоз «Ударник» по решению Нижне-Амурского райисполкома объединен с колхозом «Путь к коммунизму»."
"367";"1958";"В районе села Красное было три воинских части: одна на Каменке, вторая в казармах (их было шесть), третья – воинская часть моряков – между остановками “Гарнизон” и “Нефтебаза”. В районе остановки “Лесозавод” действовал лесозавод, была пилорама, рядом с ними был посёлок барачного типа, там же был детский сад, медпункт, магазин."
"368";"1958";"При Красносельской школе построена географическая площадка, школьная электростанция мощностью 12 кВатт, имелась теплица и свой лесоучасток."
"369";"1958";"В библиотеке с. Красное было 4150 книг, читателей – 315 человек."
"370";"1959";"Запущен завод по производству железобетонный столярных изделий и пиломатериалов."
"371";"1959";"В 135 км. к Северу от Николаевска было открыто месторождение золота. Золотая минерализация в районе г. Многовершинной впервые установлена В.Р. Поликановым в 1959г."
"372";"1959";"Открылась теплоходная линия по трассе Хабаровск-Николаевск-на-Амуре. 3 сентября от пристани г. Хабаровска отправился комфортабельный двухпалубный грузопассажирский теплоход «Ерофей Хабаров». На этом теплоходе было более трехсот пассажиров. Кроме выполнения пассажирских перевозок на первом рейсе грузопассажирского теплохода «Ерофей Хабаров» жителям северного города были доставлены продукты питания и различные товары. Свой первый рейс теплоход «Ерофей Хабаров» прошел за 40 часов, в то время, как обыкновенный пароход затратил бы на рейс от Хабаровска до Николаевска-на-Амуре 3 суток. На судне 308 плацкартных мест, два ресторана, уютные салоны, широкие прогулочные палубы, радиотрансляционный узел, почта, библиотека, комната матери и ребенка."
"373";"1959";"Для школы № 3 построено трёхэтажное здание."
"374";"1959";"Команда ССЗ «Судостроитель» выступала в финале кубка Хабаровского края на стадионе им. Ленина (правда уступили СКА со счётом 1:0)."
"375";"1959";"Количество посевных площадей в с. Красное по состоянию на 1959 год 8,8 га."
"376";"1959";"В соответствии с указаниями Хабаровского крайисполкома № 10-2/26 от 29.10.1959 и распоряжением Хабаровского совнархоза № 694 от 28.10.1959 колхоз “Красный восход” преобразовался в бригаду по добыче рыбы рыбозавода Чныррах."
"377";"1959";"В с. Красное построен сельский клуб с печным отоплением (там же расположилась и библиотека)."
"379";"1959";"В 1955-1959-х гг. – рост библиотечной сети и становление музейной деятельности, формированием системы дополнительного художественного образования детей."
"380";"1960";"В Николаевский аэропорт поступили новые вертолеты Ми-4 которые нашли применение при выполнении народнохозяйственных задач. За год налёт составил всего 600 часов. Через 10 лет эта цифра вырастет более чем в 12 раз."
"381";"1960";"Построено и сдано в эксплуатацию здание центрального гастронома, универмага, два благоустроенных дома, детский сад, столовая, здание средней школы № 4, спортивный зал."
"382";"1960";"Весной дивизион речных тральщиков-шнуроукладчиков, снятый с консервации в Хабаровске, перебазировали в Николаевск-на-Амуре."
"383";"1960";"Николаевскими авиаторами было перевезено 40 922 пассажира, 540 т почты, 2493 т грузов. Летный и инженерно-технический состав, работники наземных служб выполняли самые сложные задания, проявляя при этом высокое мастерство."
"384";"1960";"Произошло объединение Николаевской-на-Амуре судоверфи и Николаевского-на-Амуре судоремонтного завода и преобразование предприятия в Судостроительный завод. Первым директором Николаевского-на-Амуре судостроительного завода стал бывший руководитель судоверфи Кунин Наум Львович, проработавший в этой должности 14 лет, награжденный Орденом Ленина за вклад в развитие судоремонтной и судостроительной промышленности страны. Произошло не просто объединение двух предприятий, а полная реконструкция всех производственных мощностей завода. В короткий срок через мелководный заливчик Амура была отсыпана соединяющая завод и верфь дорога, получившая название «дорога дружбы»."
"385";"1960";"На ССЗ утверждена номенклатура изделий ширпотреба (от этажерок до умывальников и почтовых ящиков)."
"386";"1960";"По инициативе заводских любителей парусного спорта на ССЗ была построена яхта."
"387";"1960";"Создано ремонтно-строительное управление горкомхоза. Директор ССЗ Н.Л. Кунин обратился в министерство с просьбой о создании на базе предприятия судостроительного техникума."
"388";"1961";"Распоряжением Совета Министров РСФСР при судостроительном заводе открывается филиал Хабаровского вечернего судостроительного техникума. Учебное заведение было открыто для удовлетворения потребностей завода в специалистах среднего звена. Техникуму отдали половину здания на ул. Кирова, 6. Оборудование поступало с завода, из школ, Хабаровского техникума."
"389";"1961";"Принят в эксплуатацию комбинат бытового обслуживания артели “Рассвет”."
"390";"1961";"Киносеть города расширена до пяти киноустановок."
"391";"1961";"В Маго открывается начальная школа барачного типа."
"393";"1961";"В 1960-х годах имелось уже семь киноустановок: в кинотеатре «Родина» два зала на 300 и 200 мест, в Клубе моряков, в парке культуры и отдыха, в двух профсоюзных клубах и в доме офицеров и одна кинопередвижка."
"394";"1961";"В городе введены новые формы торговли: торговля по образцам, открытая выкладка товаров, в кредит, с доставкой на дом, самообслуживания (без продавца)."
"395";"1962";"Нижнеамурский район упразднён и вся его территория присоединена к Николаевску, как его пригородная зона."
"396";"1962";"На ССЗ введена в эксплуатацию сталеплавильная печь ДС-0,5 – электрическая дуговая печь, позволившая внедрить стальную плавку взамен чугунной, экономить большое количество материалов, отказаться от значительной части внешних поставок."
"397";"1962";"Вступили в строй квасной цех пивоваренного завода и молочный цех колбасной фабрики."
"398";"1962";"Введён в эксплуатацию 64-квартирный дом."
"399";"1962";"На Нижнем амуре площадь земель, занятых под сельское хозяйство, составляло – 1113,12 га."
"400";"1962";"Выращивали зерновые и кормовые культуры, картофель, капусту, морковь и другие овощи."
"401";"1962";"На 62-63 учебный год в Красносельской школе обучались 251 учащийся."
"402";"1963";"144-й летный отряд преобразован в Николаевский-на-Амуре объединенный авиаотряд (Приказ ГУ ГВФ №053 от 30 мая 1963г.) Он к тому времени уже представлял из себя крупное авиапредприятие с тремя базовыми аэропортами – в Николаевске, Мариинске и Охотске. В состав отряда вошли все аэропорты в северных районах Хабаровского края. Первым руководителем объединенного отряда стал А.С. Самсонов. Главными задачами отряда были и остались обеспечение народного хозяйства в северных районах Хабаровского края воздушными перевозками, авиационное обслуживание рыбаков, оленеводов, геологов, лесозаготовителей. Отряд в это время был одним из лучших в Дальневосточном управлении. Коллектив решал всевозможные задачи, которые ставила жизнь и жители самых отдаленных и глухих мест Охотского побережья, будь то работа поисковых партий геологов или доставка продуктов питания, кочующим с места на место оленеводам, выполнение санитарных заданий, вывоз на каникулы по отдаленным селам школьников и т.д. Советские годы, когда авиация дешёвым и доступным для граждан видом транспорта, остались «золотым» временем в истории отряда. Росли объемы работ по перевозке пассажиров, почты, груза – требовалась структурная реорганизация гражданской авиации в Николаевске, и она произошла в 1963 году: вводятся в строй и присоединяются к авиаотряду аэропорты в северных районах Хабаровского края. Все большее применение находил МИ-1 в народном хозяйстве. В 1963 г. налет на вертолетах Ми-4 составил 2200 ч. До середины 80-х годов идет интенсивное развитие экономики северных регионов, предприятие растет и количественно, и качественно."
"403";"1963";"На мысе Кошка принята в эксплуатацию плавбаза РЭБ флота."
"404";"1963";"В ССЗ в литейном цехе произведена первая плавка стали в электропечи. Проведён первый экспресс-анализ."
"405";"1963";"Введён в эксплуатацию энергопоезд, что решило основную задачу по электроснабжению города"
"406";"1963";"П. Маго подчиняется административному центру г. Николаевска–на–Амуре и входит в Николаевский район."
"407";"1963";"В с. Красное при сельской школе организован интернат для народов Севера, готовый принять 100 учащихся, из которых 63 человека находились на государственном обеспечении."
"409";"1963";"В 1962-65 гг. на Многовершинном рудном поле попутно с изучением россыпей золота открыта золотоносная зона Главная,прослеженная на протяжении 3,5 км. В её пределах открыто рудное тело Центральное. Одновременно доказана перспективность рудного тела Верхнего, а на прилегающей территории установлено широкое развитие потенциально рудоносных кварцевых жил. Это позволило рекомендовать район горы Многовершинной для первоочередного изучение."
"410";"1964";"Построен новый корпус Педагогического училища."
"411";"1964";"Открыта вспомогательная школа-интернат."
"412";"1964";"Филиал Хабаровского вечернего судостроительного техникума преобразуется в самостоятельное учебное заведение – Николаевский-на-Амуре вечерний судостроительный техникум. Первые специальности, по которым велось обучение рабочих судоремонтного, а затем судостроительного завода носили наименования: «Судовые машины и механизмы», «Судокорпусостроение». Техникуму передано отдельное 2-этажное деревянное здание бывшего общежития СУ-23. Директором техникума стал А.А. Кашуба."
"413";"1964";"Сдается в эксплуатацию блок механических цехов судостроительного завода."
"414";"1964";"Вступает в строй первая очередь эллинга."
"415";"1964";"Основан Николаевский Коопзверопромхоз. Работали три зверофермы: две норковые и одна лисья."
"416";"1964";"На заводе построен первый на Дальнем Востоке сухогрузный теплоход типа река-море грузоподъёмностью 2000 тонн, получивший название «Морской-1» (позже переименован в «Балтийский-73). Он открыл регулярную заграничную линию, поставляя экспортную древесину в Японию."
"417";"1964";"Николаевский-на-Амуреавиаотряд: Ан-2, Ли-2, Як-12, Ми-1, Ми-4, Л-410 УВП (с 1982г.)"
"418";"1964";"В конце 1964 г. была организованна Многовершинная Геологоразведочная партия, её начальником назначен В. Т. Комаров. В верховьях реки Улчонок возник верхний поселок."
"420";"1964";"В 1970е годы в городе открывается вечерний судостроительный техникум, организовывается фильмотека по прокату учебных фильмов при гороно, открывается вспомогательная школа-интернат, на базе первой городской библиотеки создается центральная городская библиотека, районный Дом культуры переводится из п.Озерпах в г.Николаевск-на-Амуре, открывается молочная кухня, сдается в эксплуатацию здание городской поликлиники и открывается вторая городская поликлиника горздравотдела, создается городская радиоредакция, ремонтно-строительное управление горкомхоза, образовывается Николаевский коопзверопромхоз, открываются вечерние классы для взрослых при музыкальной школе, детский кинотеатр “Пионер”, организуется трест столовых и ресторанов."
"421";"1965";"На судостроительном заводе вступает в строй слип."
"422";"1965";"Создана центральная городская библиотека."
"423";"1965";"Открыта городская поликлиника № 2."
"424";"1965";"Сдается в эксплуатацию первая очередь городского водопровода."
"425";"1965";"Численность населения г. Николаевска и Николаевского района – 48 721 чел."
"426";"1965";"Объемы авиационных работ к 1965 г. по сравнению с 1948 г. возросли в 80 раз, а объемы работы авиации спецприменения с 1960 по 1970 г. возросли в 11,7 раза."
"427";"1965";"На ССЗ приступили к производству предметов ширпотреба (от почтовых ящиков до мебели). Начали появляться свои мастера краснодеревщики. Одним из первых стал Василий Васильевич Гагарин."
"428";"1965";"Реконструирован хлебозавод."
"429";"1965";"В городе и районе работали 20 внештатных заместителей председателей сельских и поселковых Советов, 140 внештатных инспекторов при отделах горисполкома, общественные Советы, к работе которых были привлечены 188 человек. Были созданы лавочные комиссии, столовые комиссии, советы клубов, библиотек, советы содействия семье и школе, общественно-технические советы на предприятиях, родительские советы при школах, классах, детских садах. Особенно активно работали уличные и домовые комитеты, добровольные народные дружины, общественные автоинспекторы, добровольные пожарные дружины."
"430";"1965";"П. Озерпах – один из крупнейших рыболовецких поселков на Нижнем Амуре. Рыбаки и обработчики живут в удобных домах, четыре из которых двенадцати-квартирные. Пока еще жители поселка берут воду из артезианского колодца, но в скором времени Озерпах должен получить свой водопровод. Генеральным планом застройки поселка намечено строительство нового микрорайона на две тысячи пятьсот человек. Уже несколько лет ведутся работы по озеленению поселка – высаживают сосны, тополя, ильмы и кустарники. Хотя в сложных климатических условиях Нижнего Амура не все деревья приживаются, в селе начали высаживать южные сорта плодовых деревьев: яблони, сливы и вишни, часть из них уже прижились и скоро начнут плодоносить, хорошо растут и плодоносят черная и красная смородина, отлично растет дальневосточный шиповник. В планах строительство цветочной теплицы."
"431";"1965";"Организована Многовершинная партия Нижне-Амурской экспедиции для разведки новых месторождений цветных и благородных металлов. Она проводила геологическую съёмку и поиски в масштабе 1:10000. В результате по рудным телам Верхнему и Центральному были подсчитаны прогнозные запасы, а Многовершинное месторождение было оценено как крупное. Кроме того, было установлено, что промышленное золотое оруденение локализовано в структурах северо-восточного простирания, фиксирующихся в виде мощных (до нескольких десятков метров) зон кремнекислотного и, в меньшей мере, калиевого метасоматоза, и что расположение этих зон контролируется положением контакта вулканогенных формаций и подстилающего их осадочного основания"
"432";"1966";"Создана городская радиоредакция."
"433";"1966";"Первый выпуск техников (судостроительного техникума)."
"434";"1966";"Открывается дошкольный детский дом (в старом здании педучилища)."
"435";"1966";"Начал работать народный университет культуры."
"436";"1966";"На Судостроительном заводе создана лаборатория научной организации труда."
"437";"1966";"Там же внедрён метод швартовых испытаний на стапеле, до спуска судна в воду, что позволило проводить большинство видов испытаний на берегу, не ожидая открытия навигации."
"438";"1966";"Сдана в эксплуатацию первая очередь городского водопровода."
"439";"1967";"Сдана вторая очередь эллинга. Основная часть судостроительного производства переводится в закрытое помещение, что повысило культуру производства, производительность труда. Внедрены три механизированные поточные линии: линия газовой резки листового металла, оборудованная газорезательными автоматами “Стрела”, самоходными столами-платформами; линия механической резки листового металла, оснащённая гильотинными ножницами, приводными рольгангами для подачи листа из отделения очистки и грунтовки; линия обработки профильного проката со 100-тонным гидравлическим прессом, пресс-ножницами, прессом типа “Бульдозер” и рольгангами для транспортировки."
"440";"1967";"Число кирпичных зданий возросло с 14 (в 1960) до 167."
"441";"1967";"Открылся детский кинотеатр “Пионер”."
"442";"1967";"Открылся филиал кинотеатра «Родина» под названием «Волна»."
"443";"1967";"На судостроительном заводе начато строительство рыболовецких сейнеров с неограниченным районом плавания – РС-300."
"444";"1967";"Из справки председателя Николаевского-на-Амуре горспортсоюза Г. Найдёнова о развитии физической культуры и спорта в городе: «…на 1 июля 1967 г. число физкультурников составляло 14887 человек. На 1 июля подготовлено 53 спортсмена, 4219 человек имеют II-III юношеские разряды. Инструкторов судей-общественников по различным видам спорта подготовлено 1000 человек.»."
"445";"1967";"При музыкальной школе открылись вечерние классы фортепьяно и баяна для взрослых."
"446";"1967";"С вводом в 1967 году амурскими речниками скоростных пассажирских линий на теплоходе «Метеор» время плавания пассажиров по маршруту Хабаровск – Николаевск сократилось в два раза."
"447";"1967";"Началось строительство первой очереди Николаевской ТЭЦ. В процессе строительства станцию перепроектировали с ургальского угля на мазут."
"448";"1967";"В канун празднования Дня Великой Октябрьской социалистической революции районная библиотека п. Озерпах была награждена Дипломом 1 степени Министерства культуры СССР – ей было присвоено звание «Лучшая библиотека РСФСР»."
"449";"1967";"На золотоносном месторождении «Многовершинное» основан поселок геологов."
"450";"1967";"Село Красное приняло из Сусаннино базу Нижнеамурской геологоразведческой экспедиции. Вместе с этим начинается время бурного жилищного строительства и преображения села. К периоду 70-80 годов ХХ века очень подходит название «геологический». Пока «геологическое время можно назвать одним из самых значительных пиков в развитии села. Красносельцы получили квартиры, в новых деревянных, а потом и в благоустроенных каменных домах, построили новое общежитие, помогали на строительстве Дома культуры, а потом были участниками аншлагов в клубе на просмотрах новых кинофильмов, концертов. В столовой повара готовили вкусные обеды, и можно было доставить себе удовольствие попариться в бане. Главной улице села было присвоено имя Эрика Петровича Хохлова – уважаемого геолога Нижнеамурской экспедиции, одного из первооткрывателей рудника «Многовершинный»."
"451";"1967";"К этому году в селе были, кроме колхоза, здание пекарни, киоска, где продавали свежевыпеченный хлеб, здание почты, клуб."
"452";"1967";"В рамках строительства новой базы Нижнеамурской экспедиции восьмилетняя школа переносится в двух этажное здание казармы на берегу р. Нижняя Патха. Это было обосновано следующими причинами. Во-первых, сгорает мастерская возле школы, во-вторых, детей (учащихся школы и детей, проживающих в интернате) становится настолько много, что они не помещаются в здании школы. В лето 1977 школа становится средней – десятилетней (из воспоминаний главного геолога экспедиции – Кайдалова Виктора Алексеевича)."
"453";"1967";"В с. Красное выстроена первая улица просторных двухквартирных домов из бруса (ныне – ул. Клубная) и заложен первый восьмикварирный двухэтажный благоустроенный дом из кирпича (Советская, 41). В этом же году начинаеся переселение большей части аппарата управления, механического цеха, лаборатории на новые места: пробирная и спектральная лаборатории и АУП разместились в арендованных у Минобороны СССР зданиях в районе села Половинка (объект № 94), механический цех – на базе старого 4-го гидрологического управления, вблизи нефтебазы."
"454";"1967";"Развернулось большое строительство экспедицией «Далькварцсамоцветы», которой руководил Сурен Саркисович Дарбинян, в дальнейшем почётный гражданин города Николаевска на Амуре, именем которого названа одна из улиц села Красное. Построили красивое здание конторы «Далькварцсамоцветы», общежитие; столовую, стены которой украсили мозаичным панно, открыли бассейн с сауной и спортивными снарядами; котельную, отапливающую весь поселок Далькварцсамоцветы; мост через речку Патха, сокративший путь до центра села (в материалах библиотеки имеется альбом по истории Нижне-Амурской экспедиции, выполненный ребятами и «История Нижнеамурской геологической экспедиции в воспоминаниях Ганжи Ф. Х., геолога экспедиции)."
"455";"1968";"На базе предприятий общественного питания Нижне-Амурского Торга организован Николаевский трест столовых и ресторанов."
"456";"1968";"Открыт районный Дом культуры. Созданы первые коллективы: городской хор, ансамбль «Северянки», эстрадный оркестр «Альтаир», народный театр"
"457";"1968";"При ССЗ открылась заводская база отдыха. Ежедневно принимала желающих отдохнуть на лоне природы. Начала работу детская библиотека в заводском посёлке. Туда же, в посёлок, подключен заводской водопровод. На базе местной столовой организовано диетическое питание. В первый поток бесплатное месячное диетическое питание получили 50 рабочих предприятия."
"458";"1968";"К 1968 году численность работающих в колхозе «Ленинец» (с. Сахаровка) составила 496 человек, из них 20% коренных народов Севера. Колхоз стал мощным, хорошо оснащенным предприятием, с опытными кадрами рыбаков, рыбообработчиков. Многие колхозники были удостоены государственных наград. В этом же году к «Ленинцу» присоединились колхозы «Рыбак» и «Им. XVIII партсъезда», образованный из колхозов «Пятилетка» и «II пятилетка» на основании решения Нижне-Амурского райисполкома от 13.02.1954 № 32."
"459";"1969";"Открылось агентство “Аэрофлота”. Первым руководителем агентства был Владимир Иванович Галкин."
"460";"1969";"Организован Николаевский леспромхоз."
"461";"1969";"В парке культуры и отдыха имени Горького принят в эксплуатацию летний кинотеатр на 300 мест."
"462";"1969";"На судостроительном заводе вводятся в строй механизированный склад металлов, лесораспилочный и др. вспомогательные цеха."
"463";"1969";"На ССЗ организовано изготовление опытной партии палаток, а в 1970 г. в цехе № 11 на базе парусного прозводства организовали их серийный выпуск. Кроме палаток шили рюкзаки, спальники, детали мягкой мебели и пр."
"464";"1969";"Начал работу комбинат бытового обслуживания."
"465";"1969";"Советом Министров СССР от 14 марта 1969 года принято постановление, что Нижеамурский рейд (в Маго) подлежит реконструкции в связи с увеличением поставок леса на экспорт в объёме 700 тыс. м в кубе в год. Работает на предприятии 960 человек. Имеются цеха: 1-й морской участок – проводит подготовительные работы, приём в Плотках и отгрузку её кранами на суда, переработку топляка, обеспечивает соранность древесины, заготовку древесины. Входят: ЛЗУ, такелажный пилцех. 2-й транспортный цех – обеспечивает транспортом все цеха, производит ремонт механизмов. 3-й Электро-бытовое хозяйство с постройкой ЛЭП к ТЭЦ. 4-й Флот – обеспечивает крановым хозяйством и катерами. 5-й Строительство и ремонт жилья."
"466";"1969";"В п. Многовершинный начинает работать малокомплектная начальная школа по улице Геологов. Домик с двумя комнатами — одна класс, другая — игровая. Поселок быстро растет, ребятишек много."
"467";"1969";"Сдана в эксплуатацию гостиница “Север” на 90 мест."
"469";"1969";"В 1960-годы развивалось и сельское хозяйство. Выращивали зерновые и кормовые культуры, картофель, капусту, морковь и другие овощи. Если в 1956 году площадь земель, занятых под сельское хозяйство, составляла 375,8 га, то в 1962 году — 1113,12 га."
"470";"1969";"1960-1970-е гг. характеризуются развитием кинопрокатной деятельности и ростом количества киноустановок."
"471";"1970";"Построенный на ССЗ РС-300 «Умелец» установил всесоюзный рекорд для этого типа судов: команда сейнера добыла за сезон 65000 центнеров рыбы. Всего таких сейнеров построено более 200 шт."
"472";"1970";"На ССЗ построен блок механических цехов."
"473";"1970";"Принят в эксплуатацию дом инвалидов на 158 мест."
"474";"1970";"В с. Льва Толстого организован военно-спортивный лагерь “Подвиг” имени Героя Советского Союза Георгия Евдокимовича Попова. У истоков его создания и строительства стоял Галкин Владимир Иванович – первый начальник городского агенства Аэрофлота, открывшегося годом ранее. Крайне вероятно, что лагерь был создан по инициативе райкома комсомола при спонсорской помощи Николевского авиаотряда, военного комиссариата, воинских частей Николаевского гарнизона."
"475";"1970";"В городе введены в эксплуатацию 64-квартирная часть 143-квартирного дома, 70 кв. жилые дома № 17 и № 15, дом инвалидов на 100 мест."
"476";"1970";"В районе было начато строительство дороги от п. Маго до с. Чля, шло строительство дороги от г. Николаевска-на-Амуре до п. Маго"
"477";"1970";"Заработал Николаевский леспромхоз. Занимался промышленной заготовкой экспортной древесины. Управление леспромохозом разместилось в двухэтажном здании бывшей городской гостиницы, а леспопунктам были переданы рыбацкие посёлки Озерпах и Нижнее Пронге. За пятилетку (1966 – 1970) – введено жилой площади 52,16 тыс. кв. м."
"478";"1970";"В Маго была построена линия электропередач на 10000 вольт."
"479";"1970";"В посёлках Маго и Лазарев введено в эксплуатацию 59 зданий с числом квартир 390, из них благоустроенных – 228. Велось строительство 96 объектов жилищно-гражданского назначения."
"480";"1970";"Строительство причалов, техническое перевооружение, ввод мощных кранов, позволили порту Маго обработать в 1970 году 212 тыс. тонн груза. Рост грузопереработок по сравнению с 1950 годом составил 252%."
"481";"1970";"Из Сусанино в с. Красное переехали последние сотрудники геологосъемочных партий. Были расселены в первых двух-, трёхэтажных благоустроенных домах."
"482";"1971";"Вступила в строй телевизионная станции «Орбита» для приёма через космос телевизионного сигнала из Москвы."
"483";"1971";"Построен асфальтный завод. Запущен в следующем году. Директором завода был Михаил Ильич Скороход."
"484";"1971";"В небе над Николаевском-на-Амуре появился первый комфортабельный вертолет Ми-8, в дальнейшем поступил вертолет Ми-2, заменивший Ми-1."
"485";"1971";"Неудобные автобусы ПАЗ-651 полностью заменены на ПАЗ-652 и 672. Получено 10 новых автобусов. Увеличено количество маршрутов по городу и району."
"486";"1971";"Продажа книг населению в городе и районе выросла с 88 тыс. рублей в 1965 г. до 117 тыс. рублей в 71м, число читателей в библиотеках – с 16,7 тысяч до 26,8 тысячи. В первом году девятой пятилетки на тысячу человек было выписано 1313 экземпляров периодических изданий."
"487";"1971";"В Чля открывается летная аэроплощадка и начинают регулярно летать самолеты Ан-2."
"488";"1971";"В с. Красное введены в эксплуатацию ясли-сад № 41 (в последствии – детский сад № 23 «Берёзка»)"
"489";"1972";"Происходит реконструкция завода, работа по улучшению бытовых условий рабочих. В цехах имеются столовые и буфеты, медпункты, зубоврачебный кабинет, комнаты гигиены и пр. Проведены работы по благоустройству территории завода (асфальтирование дорог, посадка деревьев, переоформление магистралей и пр.). На заводе имеется теплица, в которой выращиваются цветы, и на территории завода высаживается ежегодно 250-300 тысяч цветов. Значительно обновились и производственные мощности, непрерывно осуществляется техническое перевооружение, внедряются современные технологические процессы (в дальнейшем – освоен поточно-позиционный метод постройки рыбопромысловых судов, внедрялись новые поколения станков с ЧПУ, робототехника, АСУ производством). На берегу р. Амур создана и работает летняя благоустроенная база отдыха для рабочих завода. Непрерывно растёт производительность труда. Коллектив перевыполнил план двух лет девятой пятилетки."
"490";"1972";"Начинается переезд музея в новое помещение по ул. Гоголя, д. 27-а. Переезд растянулся на 2 с лишним года- трудности с транспортом, с ремонтом, затем- оформление новых экспозиций. Музей открылся только в августе 1975 г., к 125-летию города, и лишь нижние залы. В верхнем зале должны были оформлять свои стенды руководители предприятий- не оформили."
"491";"1972";"В Николаевский овоще-молочный совхоз содержится 538 голов КРС и 63 812 голов птицы. КРС и птица размещены в типовых и частично механизированных помещениях. Кроме названного совхоза животноводческую продукцию производят также подсобные хозяйства Нижнеамурского рейда, ОРСа Лазаревского леспромхоза, городского треста столовых и ресторанов. В этих хозяйствах насчитывается более 530 свиней и 117 голов КРС."
"492";"1972";"На данный момент в городе и районе насчитывается 14 больниц на 900 коек, 26 фельдшерских пунктов, санэпидстанция, станция «скорой помощи», Дом ребенка, 16 детских яслей, 17 яслей-садов и несколько детских садов. Лечебные учреждения оснащены новейшим оборудованием: рентгеновскими кабинетами, лабораториями, санитарным транспортом. Имеется станция переливания крови, 5 аптек. Работают 120 врачей, 14 зубных врачей, 570 средних медицинских работников. Только в одном соматическиом отделении детской больницы работает 3 врача и 30 человек обслуживающего персонала, оборудована биохимическая лаборатория и физиокабинет."
"493";"1972";"В Овсяном поле (Микрорайон п. Маго между с. Гырманом и Рейдом) началось строительство. Прибыл студенческий стройотряд возводить жилые дома и первую улицу на Овсяном Поле назвали Студенческой."
"494";"1972";"На Судостроительном заводе открылся музей. Среди его экспонатов большое количество образцов и моделей, выпускаемой предприятием продукции. Представлен богатый материал по истории завода."
"495";"1973";"Вводится в эксплуатацию первая очередь Николаевской ТЭЦ: первый котёл и турбоагрегат, цех химподготовки. В декабре того же года состоялся пуск второго котлоагрегата и второго турбоагрегата. Одновременно со строительством основных цехов электростанции был построен базисный склад для хранения топлива в межнавигационный период емкостью 60 тыс. м3. С вводом ТЭЦ, сменившей мелкие ведомственные электростанции, началась теплофикация жилых кварталов Николаевска-на-Амуре. предприятие «Энергопоезд № 185» официально переименовано в Николаевскую-на-Амуре ТЭЦ."
"496";"1973";"С 16 апреля 1973 г. РЭБ флота переименована в судоремонтный завод, а с 1 июля 1980 года СРЗ переименован в Николаевский судоремонтно-судостроительный завод. В 1981 г. он вновь обретает название «Николаевская-на-Амуре ремонтно-эксплуатационная база флота»."
"497";"1973";"В том же году в НРЭБ флота прибыл ДОК грузоподъемностью пять тыс. тонн. Провели дноуглубительные работы, позволившие не только завести ДОК, но и заходить на акваторию РЭБ флота на ремонт судам «река – море». Плавдок решил многие проблемы ремонта приписного и стороннего флота. В настоящее время проводится ремонт винторулевого комплекса, замена главных и вспомогательных ДВС, замена подводной части обшивки корпусов судов и другие виды ремонта. Отпала необходимость перегона судов в Хабаровск и Приморье для очередного освидетельствования и ремонта."
"498";"1973";"На ССЗ введены в действие два открытых стапельных места и прилегающую к ним площадку для сбора секций и блоков."
"499";"1973";"Теплоход «Метеор-94» открыл скоростную пассажирскую линию Комсомольск – Николаевск. Время следования в пути – световой день."
"500";"1973";"Теплоход “Морской-13” открыл навигацию на линии Хабаровск-Охотск протяжённостью 1500 км. Это одна из самых длинных трасс у речников Амура. Прямые рейсы по новой линии сокращают расстояние перевозок более чем на 1500 км."
"501";"1973";"Николаевск стал победителем Всероссийского социалистического соревнования за лучшее проведение работ по благоустройству и санитарное содержание населённых пунктов среди городов края."
"502";"1973";"В городском парке открыта лыжная прокатная база."
"503";"1973";"После закрытия Орель — Члянской восьмилетней школы, в поселке Многовершинный открывается восьмилетняя школа."
"504";"1973";"Завершена разведка I очереди месторождения. К этому времени практически полностью разведаны рудные тела Центральное и Верхнее, а на рудных телах Промежуточном и Южном разведочные работы выполнены до горизонта 380 м. С поверхности разведаны рудные тела Валунистое и Водораздельное с квалификацией запасов по категории С2/Косов и др., 1973ф/"
"505";"1973";"В посёлке Маго была прекрасная баня в буфете которой всегда было пиво (редкое удовольствие). Хорошее снабжение в магазинах: мясо, фрукты, меховые изделия. Для СССР того времени товарнопродуктовый рай. Совсем недалеко от посёлка в лесу ягода брусника, всегда свежая красная рыба и икра"
"506";"1974";"На рыбокомбинате расширен коптильный цех и провялочное отделение."
"507";"1974";"Освоен выпуск трёх видов рыбной продукции морских пород: палтус, простипома и окунь холодного копчения."
"508";"1974";"На ССЗ пришел первый автомат типа ТС-32 – детище всемирно известного институт сварки имени Е.О. Патона."
"509";"1974";"Маго стало посёлком городского типа. Строятся новые микрорайоны. Регистрация населенного пункта на территории Колчановского сельсовета Николаевского района с присвоением ему наименования «посёлок Многовершинный»."
"510";"1974";"В с. Красное отведён земельный участок под строительство медицинского пункта, а уже к концу семидесятых медпункт работал в полную силу. Деревянное здание имело водяное отопление, имелось три кабинета, аптека и хозяйственная комната. В восьмидесятых работал стоматологический кабинет."
"512";"1974";"В 1960-годы развивалось и сельское хозяйство. Выращивали зерновые и кормовые культуры, картофель, капусту, морковь и другие овощи. Если в 1956 году площадь земель, занятых под сельское хозяйство, составляла 375,8 га, то в 1962 году — 1113,12 га."
"513";"1974";"1960-1970-е гг. характеризуются развитием кинопрокатной деятельности и ростом количества киноустановок."
"514";"1974";"— с. Красное —"
"515";"1974";"Население с. Красное к концу 70-х годов доходило до 2500 человек. Школу из статуса восьмилетней перевели в разряд средней. В ней обучалось более 400 детей. В медпункте работал зубной кабинет, и тогда жителям села не нужно было по каждому поводу ездить в город. Всё взрослое население было обеспечено работой, т.к. в селе кроме геологоразведочной экспедиции базировалась геофизическая лаборатория, был камнедробильный цех, столярная мастерская, располагались военные склады в районе остановки «Гарнизон», а на Каменской сопке был расположен склад ГСМ с авиатопливом. На территории села уже тогда в полную силу развернула свою деятельность Николаевская нефтебаза, снабжавшая жидким топливом весь Николаевский район."
"516";"1974";"Село не славилось криминогенной обстановкой а было культурным высокоинтеллектуальным центром всего Николаевского района с хорошо развитой инфраструктурой и высоким уровнем жизни сельчан. В селе были свои артисты, поэты, историки, художники. Благодарные жители назвали 2 улицы села в честь его жителей: главная улица Хохлова названа в честь первооткрывателя золоторудного месторождения Многовершинного, улица в районе Самоцветов – в честь начальника экспедиции Далькварцсамоцветы, почётного гражданина Дарбиняна С. С."
"517";"1974";"В 1972-1974 гг закладываются и частично возводятся капитальные строения: котельная, три благоустроенных жилых дома, двухэтажное здание конторы, камерального помещения-общежития, здание механического цеха, тёплые боксы для техники, здание столярного цеха, огромные шлакозаливные склады для отдела рабочего снабжения. Оформилась центральная улица двухэтажных благоустроенных жилых кирпичных домов, названных впоследствии в честь главного геолога Эрика Петровича Хохлова. В боксах и на открытых площадках стояло около 40 автомобилей повышенный проходимости и около десятка тракторов и тяжелых тягачей."
"518";"1974";"На берегу Амура была оборудована вертолётная площадка, на которой непрерывно сменяясь, весь день грузились и взлетали Ми-8 – действовал воздушный мост Вершинка – Красное. В особо напряженные месяца одновременно работали три-четыре вертолёта Ми-8, нередко им помогал тяжеловоз Ми-6."
"519";"1974";"Ежегодно в Красно сдавалось по два новых 12-ти квартирных дома и несколько деревянных домов их бруса."
"520";"1974";"Росла численность населения."
"521";"1974";"В конце семидесятых в восточной части села Красное начинает развиваться Дальневосточная геологоразведочная экспедиция “Далькварцсамоцветы”. В короткий срок был выстроен новый посёлок городского типа, такой же, как у Нижнеамурской экспедиции."
"522";"1975";"Введена в эксплуатацию новая колбасная фабрика."
"523";"1975";"На ССЗ по рекоммендации НОТ оборудовано 195 рабочих мест."
"524";"1975";"Открылись детская поликлиника и женская консультация, грязелечебница при больнице водздрава. Предприятия местной промышленности города и района увеличили объем выпускаемой продукции, расширился их ассортимент. Колхозы района и птицесовхоз перевыполняли планы по продаже молока, мяса, яиц."
"525";"1975";"Коллектив судостроительного завода раньше срока выполнил задание девятой пятилетки по общему объему реализованной продукции."
"526";"1975";"Завершилось строительство круглогодичной дороги Маго – Николаевск-на-Амуре (45 км)."
"527";"1975";"На базе тримаранов сделаны буровые вышки для геологоразведчиков Дальнего Востока. Они намного экономичнее аналогичных, построенных специалистами Японии. За достигнутые производственные успехи в 1975 г. коллектив Николаевского судоремонтного завода награжден Почетной грамотой Президиума Верховного Совета РСФСР."
"528";"1975";"На ТЭЦ вошел в строй последний — третий — котел первой очереди."
"529";"1975";"Центральная площадь г. Николаевска-на-Амуре присвоено название “Площадь Победы”."
"530";"1975";"Предприятия местной промышленности города и района увеличили объем выпускаемой продукции, расширился их ассортимент. Колхозы района и птицесовхоз перевыполняли планы по продаже молока, мяса, яиц."
"531";"1975";"Пятилетний план по приросту радиоточек выполнен на 124,5% и по телефонной связи на 122%. В городе и районе сверх плана пятилетки установлено 1024 радиоточки и 325 телефонов. Установлена АТС, что позволило увеличить емкость сельских телефонных станций на 1800 номеров, на городской телефонной станции – на 520 номеров. Заменено 10 телефонных станций ручного обслуживания автоматическими."
"532";"1975";"Восьмилетняя школа в п. Многовершинный реорганизована в среднюю, с директором Поддубновой В. И."
"533";"1975";"В с. Красное лабораторный комплекс переведён в просторную казарму пустующего военного городка на окраине села (улица Флотская)."
"534";"1976";"Образовано Николаевское-на-Амуре районное потребительское общество, в котором число розничных торговых предприятий составляло 178 единиц, в том числе 143 магазина и 35 ларьков и палаток."
"535";"1976";"На ССЗ началось строительство новых краболовных ботов."
"536";"1976";"На ССЗ внедрен первый станок с программным управлением."
"537";"1976";"Открыт специализированный рыбный магазин. Помимо него реализация рыбы и рыбопродуктов проводится в 27 магазинах."
"538";"1976";"С этого года за счёт использования рац. предложений и изобретений на ССЗ снижена трудоемкость на 291 тысячу нормо-часов, сэкономлено 483 т. черных, 11,8 т. цветных металлов, на 94 тыс. рублей прочих материалов, а также 1,4 млн. кВт часов электроэнергии."
"539";"1976";"Первая автоколонна вышла на ледовую амурскую трассу Николаевск-Хабаровск (задача – освоить дорогу для доставки грузов для ССЗ). Со следующего года рейсы стали регулярными. Создан 378 ЛО – Ми-4, Ми-8 и Ми-2.144 ЛО – Ан-2, Ли-2, Як-12, Ми-1, Ми-4, с 1982г. – Л-410 УВП."
"540";"1976";"Образовано Николаевское-на-Амуре районное потребительское общество."
"541";"1976";"Филиал Николаевской-на-Амуре музыкальной школы открылся в поселке Маго."
"542";"1976";"В 4 километрах от с. Чля прошла дорога в поселок Многовершинный, и с тех пор село связано с г. Николаевском–на-Амуре."
"543";"1976";"В с. Красное сдаётся 24-квартирный жилой дом по улице Советской, в цокольном этаже которого размещаются парикхмахерская, сельская библиотека (с 1979 до 1982 года) и лаборатория ремонта геофизической аппаратуры. Позже, с переездом библиотеки в новое здание Дома Культуры здесь обоснуется опорный пункт милиции и пошивочная мастерская."
"544";"1977";"Медучилище переезжает в новое, благоустроенное здание."
"545";"1977";"Вступил в строй паромазутопровод и базисный склад мазута ТЭЦ. Это значительно повысило надёжность снабжения промышленных предприятий, организаций и жилых домов электроэнергией и теплом."
"546";"1977";"Сдано благоустроенное общежитие ПМК-26 на 360 мест. Комнаты двух- и трёхместные. Предусмотрены сушилки, душевые. В комнатах есть настольные игры, телевизор. Работает буфет."
"547";"1977";"Построена детская поликлиника обслуживающая семь тысяч детей. Поликлиника имеет хорошо оборудованные кабинеты: хирургический, физиотерапевтический, здорового детства, лечебной физкультуры. В кабинете здорового детства молодые мамаши получают консультации, педиатры ведут наблюдение за правильным развитием ребёнка. В кабинете лечебной физкультуры оказывают помощь детям с неправильной осанкой, искривлением позвоночника, парезами."
"548";"1977";"Сдан в эксплуатацию благоустроенный дом районного узла связи. Сейчас в городе около 4000 семей имеют благоустроенные квартиры."
"549";"1977";"Открытие лыжной базы «Старт». Что же представляла собой лыжная база? Освещенная лыжероллерная трасса, бугельный подъемник, в идеальном порядке лыжные дистанции от одного до десяти километров, постоянно работающий буфет, автобусный маршрут по выходным дням – все это создавало притягательность и способствовало хорошему отдыху горожан. База располагала 700 парами лыж. Имелись комнаты отдыха, кабинеты для инструкторов и медицинского персонала. Лыжная база «Старт» функционировала не только в зимний, но и в летний период. Предусмотрены были теннисные, волейбольные и баскетбольные площадки, а также действовали городки для сдачи норм ГТО. В перспективе планировалось построить трамплин на 30 метров и провести канатную дорогу. Спортсменов всех уровней привлекало наличие освещенной лыжной трассы, протяженностью в три километра, в то время единственной в Дальневосточном регионе. Были произведены ремонтные работы, оборудовано и открыто помещение для работы городской лыжной базы, проведена телефонная станция и проводка электрического освещения."
"550";"1977";"Построена первая в Николаевске-на-Амуре «высотка» – 9-этажный инженерный корпус судостроительного завода. В корпусе смонтирована электронно-вычислительная машина ЕС-1022."
"551";"1977";"Построена свиноводческая ферма на 150 голов (при с.с. заводе)."
"552";"1977";"В жилом посёлке судостроительного завода теплофицировано от городской ТЭЦ более 1000 квартир, 500 – газифицировано, более 200 – электрифицировано. Оборудована спортивно-оздоровительная площадка. Создан детский технический клуб."
"553";"1977";"В п. Маго построена школа (средняя школа № 2). Школа имеет спортивный и актовый залы, оборудованные техническими средствами обучения кабинеты."
"554";"1977";"Построена библиотека в с. Виданово, строятся библиотеки в с. Нигирь, с. Оремиф."
"555";"1977";"Порт и лесотарный комбинат были объедены и стали самым крупным цехом Магинского Моррыбпорта. В это время проводится реконструкция лесотарного цеха, предприятие выходит на проектную мощность по выпуску бочкотары – 400 тыс. б/ц. Большие работы проделаны в Магинском моррыбпорту по оснащению механизма грузового причала. Установлены портальные краны «Форель» грузоподъемностью до 3,2тн., кран «Ганс» грузоподъемностью до 10т. для механизации погрузочо-разгрузочных работ. Хранение рыбной продукции осуществляется на оборотных поддонах, что позволяло внедрять комплексную механизацию погрузо-разгрузочных работ. Для хранения малосоленой продукции построен охлаждаемый склад ходопроизводительностью 600 тыс. ккал/час. Минусовой температурный режим камеры охлажденного склада создает нормальный режим хранения рыбопродукции."
"556";"1977";"Красносельская школа становится средней – десятилетней."
"557";"1977";"В с. Красное выделены земельные участки под строительство социальных объектов: столовой и бани, детского сада на 125 мест, медпункта, клуба на 200 мест."
"558";"1978";"Спущен на воду плашкоут (проект 471/3М)."
"559";"1978";"К этому году построено 700 благоустроенных квартир."
"560";"1978";"На открытой стапельной площадке судостроительного завода смонтирован второй кран «Фламинго» грузоподъёмностью 80 тонн."
"561";"1978";"По заказу судостроительного завода открылась новая специальность «Планирование на предприятиях машиностроительной промышленности», первый выпуск которой состоялся в 1980 году. Впоследствии специальность стала именоваться «Экономика, бухгалтерский учет и контроль» и «Экономика, бухгалтерский учет (по отраслям)»."
"562";"1978";"В с. Иннокентьевка началось строительство детского сада. На территории Иннокентьевского сельского Совета располагалось четыре колхоза: в с. Сахаровка – колхоз «Ленинец». в с.Вайда – колхоз «Ударник», в с.Иннокентьевка – колхоз «Им. Молотова», в с.Архангельское – колхоз «Пятилетка»."
"563";"1978";"В микрорайоное Овсяное поле (Маго) открыта библиотека, в 1982 году новый клуб."
"565";"1978";"На 80-ые годы пришелся рассвет деятельности судостроительного завода, когда по уровню технической оснащенности ему не было равных на Нижнем Амуре.Суда, построенные в Николаевске-на-Амуре, пользовались огромным спросом в России, а также своей надежностью были известны и за рубежом. С 1978 года построено 108 сейнеров-траулеров типа «Сахалин». В 1976–1987 годы построено 10 сторожевых кораблей, предназначенных для обеспечения военных баз необходимыми материалами и продовольствием. Суда строили для Японии, Индонезии, Алжира, Египта, Кубы, блок-модули — верхние строения стационарной буровой платформы — для социалистической республики Вьетнам."
"566";"1979";"Организована экспедиция “Далькварсамоцветы”, охватывающая весь дальневосточный регион."
"567";"1979";"Сдан в эксплуатацию дестад-ясли «Мишутка» на 280 детей."
"568";"1979";"Принят в эксплуатацию 120-квартирный жилой дом по ул. Школьной. В нём размещено общежитие на 200 человек и 60 квартир для малосемейных."
"569";"1979";"Численность населения – 42,8."
"570";"1979";"Закончено сооружение первой части магистральной теплосети протяженностью 3,8 км. В связи с расширением промышленной базы Николаевского района принимается решение о строительстве второй очереди станции и ЛЭП 110 кВ Николаевск-на-Амуре — поселок Многовершинный."
"571";"1979";"В Маго построено 2-этажное здание поселкового Совета."
"572";"1979";"П. Многовершинный продолжает быстрый рост и строится новая школа на 127 учащихся, со спортивным залом, мастерскими, столовой — начало занятий 1979 г., но она сразу же была уже маленькой для растущего поселка."
"573";"1979";"Численность населения в с. Красное – 1500 человек."
"574";"1979";"Красносельская библиотека переехала в цокольный этаж сданного в 76м году 3-х этажного дома. Книжный фонд составлял 9056 экз. Читателей было 732 человека."
"576";"1979";"В 1970-1980-е гг. происходила культурная перестройка клубной культуры: создавались клубные системы и культурно-спортивные комплексы."
"577";"1979";"К концу 80х гг. г. Николаевск-на-Амуре становится административным и экономическим центром Николаевского района с высокоразвитой культурой. В городе проживало свыше 40 тысяч человек. В районе было образовано три посёлка городского типа: Маго, Лазарев, Многовершинный, 13 сельских Советов народных депутатов. В городе действовало более 50 промышленных предприятий и хозяйственных организаций. Главнейшие отрасли хозяйства – судостроение и судоремнт, добыча золота, полудрагоценных камней и их обработка, лесодобывающая и рыбная промышленность. Николаевск-на-Амуре являлся городом двух портов – морского и речного. В городе велось интенсивное жилищное строительство."
"578";"1979";"К услугам жителей города в конце 1980-х годов были вечерний судостроительный техникум, педагогическое и медицинское и профессионально-техническое училище, две музыкальные школы, два дома культуры, краеведческий музей, свыше 10 городских, профсоюзных, ведомственных библиотек, два кинотеатра. Действовала телевизионная станция «Орбита»."
"579";"1979";"В сельской местности района стационарное кинооборудование с широкоэкранным показом было установлено во многих клубах и домах культуры."
"580";"1979";"В 1923-1980-х гг. Николаевск заслуженно являлся административным, экономическим и культурным центром Нижнего Амура с высокоразвитой сетью учреждений культуры и образования. В ведении городского отдела народного образования находились 8 дневных общеобразовательных школ (6 средних), 23 дошкольных учреждения и другие объекты образовательной системы."
"581";"1979";"В 1970-х – 1980-х годах Николаевский-на-Амуре судостроительный завод становится градообразующим предприятием. На долю предприятий судостроения и судоремонта (к ним относится ремонтно-эксплуатационная база Амурского речного пароходства в г. Николаевске) приходилось в эти годы более 50% всего промышленного производства в городе. На заводе выпускали мебель, швейные изделия, дачные домики и другая продукция высокого качества и пользующаяся спросом у нижнеамурцев."
"582";"1979";"Население с. Красное к концу 70-х годов доходило до 2500 человек. Школу из статуса восьмилетней перевели в разряд средней. В ней обучалось более 400 детей. В медпункте работал зубной кабинет, и тогда жителям села не нужно было по каждому поводу ездить в город. Всё взрослое население было обеспечено работой, т.к. в селе кроме геологоразведочной экспедиции базировалась геофизическая лаборатория, был камнедробильный цех, столярная мастерская, располагались военные склады в районе остановки «Гарнизон», а на Каменской сопке был расположен склад ГСМ с авиатопливом. На территории села уже тогда в полную силу развернула свою деятельность Николаевская нефтебаза, снабжавшая жидким топливом весь Николаевский район."
"583";"1979";"Село не славилось криминогенной обстановкой а было культурным высокоинтеллектуальным центром всего Николаевского района с хорошо развитой инфраструктурой и высоким уровнем жизни сельчан. В селе были свои артисты, поэты, историки, художники. Благодарные жители назвали 2 улицы села в честь его жителей: главная улица Хохлова названа в честь первооткрывателя золоторудного месторождения Многовершинного, улица в районе Самоцветов – в честь начальника экспедиции Далькварцсамоцветы, почётного гражданина Дарбиняна С. С."
"584";"1980";"В пригородной зоне создано садово-огородное товарищество, включающее 294 участка. Вторая очередь товарищества объединила ещё 500 человек."
"585";"1980";"План по выпуску валовой продукции за годы девятой пятилетки промышленными предприятими города и района выполнен на 100,9%, при плане 32 310 тыс. рублей продукции выпущено на 326 919 тыс. рублей, рост за 5 лет составил 29,8%. Производительность труда в промышленности за годы пятилетки выросла на 25,2%."
"586";"1980";"1980 (?) – при заводе открылся учебно-консультационный пункт Новосибирского института инженеров водного транспорта. За последующие 10 лет при пункте получили высшее образование 33 человека."
"587";"1980";"Нижнеамурский горнообогатительный комбинат начинает вести промышленное освоение месторождения «Многовершинное»."
"588";"1980";"В с. Красное на одной из близлежащих сопок (“вторая сопка”) была оборудована горнолыжная трасса с подъёмником, освещением и небольшой бытовкой, где можно было переодеться, выпить чаю. Оборудование трассы было приурочено к Олимпиаде-80."
"589";"1981";"Прибытие в Николаевск плавучего ДОКа грузоподьёмностью 5000 тон. Провели дноуглубительные работы, позволившие не только завести док, но и заходить на акваторию РЭБ флота на ремонт судам «река-море». Плавдок решил многие проблемы ремонта."
"590";"1981";"Первая категория качества присвоена сейнерам-траулерам типа “Сахалин”, серийное производство которого впервые в стране ведёт коллектив Николаевского Судостроительного завода."
"591";"1981";"На участках «Дачного кооператива №1» взошёл первый урожай (клубника, огурцы, лук, чеснок, морковь, кабачки, тыква, болгарский перец). Кооператив был создан по примеру инициативы связистов, которые небезуспешно пытались создать коллективные сады и огороды в обезлюдевшем селе Архангельском. Участниками кооператива были рабочие завода. В последствии завод выделял средства на строительство оросительной системы, строительствао ЛЭП, привлечение техники и пр. В том же году в дачный посёлок организовано регулярное движение заводского автобуса. К 1990 году в дачный кооператив входило свыше 700 дачников. Кроме прочего,в торговую сеть члены кооперативов сдали 800 тонн картофеля только осенью 1989 г. А ещё овощи, ягоды, зелень. В связи с чем, летом цены на клубнику снизились с 10 рублей за кило до четырёх."
"592";"1981";"Постройка и сдачу в эксплуатацию нового эллинга производственной площадью более 12000 м2 и бытовыми помещениями площадью 3 тыс. кв. м. (в полном объёме эллинг введён в эксплуатацию в 83м году). С постройкой эллинга отпала необходимость отправлять на достройку суда во Владивосток. Все суда стали сдаваться заказчику в акватории завода до закрытия летней навигации."
"593";"1981";"Начались регулярные пассажирские авиарейсы в пос. Многовершинный из Николаевска-на-Амуре."
"594";"1981";"В с. Красное разворачивается радионавигационная станция “Марс-75”, приписанная к воинской части № 13178. Бывшая казарма артиллеристов Николаевской крепости опять переходит в руки военных, а лаборатория экспедиции переводится на Вершинку."
"595";"1982";"Спущен на воду сейнер-траулер."
"596";"1982";"В новом эллинге ССЗ оборудуется столовая на 120 посадочных мест."
"597";"1982";"Создана самостоятельная военизированная пожарная часть №25. Николаевским-на-Амуре горисполкомом были выделены квартиры для начальствующего состава и общежитие для рядового и сержантского состава вновь создаваемой пожарной части."
"598";"1982";"В течение года коллективу Николаевской ТЭЦ трижды присваивалось первенство во Всесоюзном социалистическом соревновании."
"599";"1982";"В микрорайоное Овсяное поле (Маго) открыт новый клуб."
"600";"1982";"Вводится ЛЭП 110 кВ через поселок Чля до Многовершинного."
"601";"1982";"Филиал Николаевской-на-Амуре музыкальной школы открылся в поселке Красное (район)."
"602";"1982";"В селе Красное вводится в эксплуатацию Дом Культуры на 200 мест (строительство начато в 1980 г.). Постепенно образовывались кружки художественной самодеятельности: два драматических коллектива (детский и взрослый), два танцевальных коллектива, вокально-инструментальный ансамбль “Парус”, кукольный театр, вокальная группа “Надежда”. В здании ДК размещается библиотека"
"603";"1982";"Открыта школа основного общего образования с. Чныррах."
"604";"1983";"Организовано бюро путешествий и экскурсий."
"605";"1983";"Николаевское райпо (райпотребсоюз) имело 18 предприятия торговли в городе и в сельской местности, 3 предприятия общественного питания, 5 хлебопекарен, свиноферму, цех по производству газированных напитков, заготовительный пункт вторсырья. В последующие годы сеть предприятий райпо значительно сократилась. По традиции магазины райпотребсоюза являлись центром жизни на селе. Перед райпо стояли большие задачи. Главнейшей из них была работа по полному удовлетворению потребностей сельских жителей. Большое внимание уделялось изучению покупательского спроса, на основании которого формировался ассортимент товаров в магазинах, организовывалась торговля по заявкам для населения."
"606";"1983";"Учитывая потребности не только базового предприятия, но и предприятий города в судостроительном техникуме открывается специальность: «Электрооборудование судов»."
"607";"1983";"Получена первая продукция филиала Всесоюзного объединения «Самоцветы» в с. Каменка по обработке драгоценных камней."
"608";"1983";"Новое судно-баржу МП-1064 передал эксплуатационникам коллектив Николаевской ремонтно-эксплуатационной базы флота (РЭБ флота). Она предназначена для транспортировки тяжеловесных грузов строителям Бурейской ГЭС и топлива для приречных районов Зеи и Верхнего Амура."
"609";"1983";"Введена в эксплуатацию вторая очередь Николаевской ТЭЦ (строительство было начато в 1978 г.)."
"611";"1983";"1973 – 1983 гг. – в городе интенсивно строилось жильё – годовой объем ввода жилья был доведен до 40,8 тыс.кв.метров. Были построены горбольница, общежитие, медучилище, колбасная фабрика, завод панельного домостроения “Мобиль”, птичник, закончилось строительство автодороги “Николаевск-Маго”, “Николаевск-Многовершинный”, шло интенсивное строительство теплотрассы и подключение жилых домов к ТЭЦ."
"612";"1984";"Запущен третий по счёту в стране завод крупнопанельного домостроения «Мобиль», способный давать до 50 тысяч квадратных метров жилой площади ежегодно (что равнозначно десяти стоквартирным домам)."
"613";"1984";"На Судостроительном заводе начато серийное производство садовых домиков."
"614";"1984";"В Николаевский-на-Амуре объединенный авиаотряд на эксплуатацию поступили новые чехословацкие турбовинтовые самолеты Л-410УВП, Л-410УВП Э на замену знаменитых АН-2."
"615";"1984";"Авиапредприятие начало эксплуатацию собственных комфортабельных самолетов Як-40."
"616";"1984";"Введена в строй вторая очередь электростанции Николаевской-на-Амуре ТЭЦ (котёл №5)."
"617";"1984";"На пассажирской линии Хабаровск – Николаевск-на-Амуре – Хабаровск начал работать “скороход” “Метеор-178”. Метеору требуется 28 часов, чтобы доставить 120 пассажиров из краевого центра в Николаевск-на-Амуре."
"618";"1984";"Введена в эксплуатацию школа на 320 мест в селе Константиновка."
"619";"1984";"С весны в с. Красное лихорадочными темпами началось строительство новой улицы (Победы) деревянных 3-4 квартирных домов. В административном центре Красного быстро вырос огромный деревянный корпус конторы экспедиции."
"620";"1985";"На базе городской больницы организована центральная районная больница с функциями организации и управления здравоохранением района. К этому времени коечный фонд стационаров круглосуточного пребывания составлял 1020 коек, в т.ч. в центральной районной больнице – 270, в 3х районных больница (Лазарев, Маго, Многовершинный) – 175, в 2-х городских больницах (инфекционная, детская) – 200, в 2-х участковых больницах (Озерпах, Чля) – 60, в диспансерах – 345. Работают кабинеты: лечебного массажа, УВЧ, электрофореза, фиброгастроскопии, ингаляции."
"621";"1985";"В новом эллинге судостроительного завода введён медицинский комплекс для обслуживания работников завода. В нём работают кабинеты: лечебного массажа, УВЧ, электрофареза, фиброгастроскопии, ингаляции. Кабинеты укомплектованы необходимым медицинским оборудованием."
"622";"1985";"Построена «девятиэтажка» – жилой дом для заводчан на 68 квартир."
"623";"1985";"Начала работу районная больница на базе городской."
"624";"1985";"Впервые проходил финал краевых соревнований по хоккею. Юные хоккеисты боролись за приз клуба ЦК ВЛСМ «Золотая шайба». Борьбу вели команды старшей группы Хабаровска и Хабаровского района, Комсомольска-на-Амуре, Советской Гавани, Вяземского района и наша команда детского клуба морского порта. Вообще в 80-е годы прошлого столетия в г. Николаевске-на-Амуре ежегодно проходили соревнования по хоккею за первенство города и района на приз клуба «Золотая шайба», организованные штабом «Юность» при городском комитете ВЛКСМ."
"625";"1985";"Введена в эксплуатацию кабельная линия связи Николаевск – п. Многовершинный."
"626";"1985";"Построен и введён в эксплуатацию плавательный бассейн с 8-ю 25-метровыми дорожками и детским отделением (в спортивном комплексе Судостроительного завода)."
"627";"1985";"Создан Нижнеамурский горно-обогатительный комбинат. Построен производственный комплекс в составе: рудника, карьеров, золотоизвлекательной фабрики."
"628";"1985";"Введена в строй 136-километровая самая северная в Хабаровском крае ЛЭП (линия электропередач) и подстанция 110/35,6 кВ в пос. Многовершинном (в 1989 г. он насчитывал 3,2 тыс. жителей). Поток энергии, вырабатываемый в городе поступил в посёлок горняков и на промышленную площадку строящегося рудника “Многовершинный”. Строительством ЛЭП Николаевск-Многовершинный сделан первый шаг по созданию единой энергосистемы Нижнеамурья."
"629";"1985";"Введена в эксплуатацию школа № 3 на 320 мест в пос. Маго (микрорайон Овсяное поле). В окружении сосен, с большим стадионом, здание кирпичное двухэтажное, просторное, светлое. В школе многое по душе ребятам: широкие коридоры, спортзал, большие классные и игровые комнаты."
"630";"1985";"Введена в эксплуатацию школа на 192 места в с. Иннокентьевка."
"631";"1985";"В с. Красное открылась новая лаборатория в новом, специально спроектированном под её нужды здании. На верхнем этаже разместилась спектральная лаборатория со всеми своими службами, на нижнем – дробильный цех и множество помещений для будущей пробирной лаборатории."
"632";"1985";"Открылась врачебная амбулатория."
"634";"1985";"Амурским речным пароходством принято решение о реконструкции базы с целью дальнейшего наращивания ее промышленного потенциала. Из трех возможных вариантов реконструкции выбран проект, позволяющий осуществлять, кроме ремонта и строительства судов, также погрузо-разгрузочную деятельность для дальнейшего освоения северных территорий края. Вводится новая стапельная площадка, позволяющая перейти к секционной сборке баржи пр. 942, пр. 169 Г."
"635";"1985";"Приобретен и смонтирован портальный кран «Сокол» г/п 40 тонн, козловой кран г/п 20 тонн, что позволило не только увеличить производительность труда, но и открывало новые перспективы судостроения. Построено новое помещение корпусно-сварочного участка. Улучшились условия труда судокорпусников и сварщиков. Возведено здание диспетчерской со всеми помещениями для служб движения флота. Появились новые бытовые помещения в механосборочном участке, построено два 100-квартирных жилых дома, организован садово-огороднический кооператив."
"636";"1986";"Принят в эксплуатацию первый панельный 90-квартирный жилой дом серии «Мобиль» (по ул. Сибирской 130)."
"637";"1986";"Открылся плавательный бассейн Судостроительного завода."
"638";"1986";"На судостроительном заводе введена в эксплуатацию углекислотная станция производительностю 2,4 тонн углекислоты в сутки (инициатором и организатором её был Василий Николаевич Бычковский). Кончилась бесконечная погрузка-разгрузка баллонов, которой занимались не только сварщики но и другие работники завода (баллонов в действии было до 1,5 штук) и везли их из Хабаровска и Комсомольска. Бесконечная нехватка углекислоты сдерживала развитие судостроения. С её вводом ликвидированы перебои в снабжении углекислотой производственных участков завода. Избытки реализуют многим предприятиям Хабаровского края (Комсомольск, Хабаровск, ЕАО)."
"639";"1986";"Начала свою работу школа № 5. Была организована в результате слияния двух школ: восьмилетней школы № 13 и средней школы № 2 и насчитывала 1400 учащихся."
"640";"1986";"Сданы в эксплуатацию первые благоустроенные двухквартирные деревянные дома. В одном из них разместился клуб."
"641";"1986";"В п. Многовершинный С первого сентября 1987 г. мы перешли в здание современной школы, построенной по проекту ленинградских архитекторов. Директор школы — Цой Л. С."
"642";"1986";"В с. Красное выделен земельный участок на строительство благоустроенного общежития в 57 мест."
"643";"1986";"В с. Красное в жилом микрорайоне “Самоцветы” появились: двухэтажное здание конторы экспедиции “Далькварцсамоцветы”, производственного цеха по изготовлению изделий из камнесамоцветного сырья, общежитие и столовая, капитальное строение гаража, складов, благоустроенное жильё,образовав улицу Лесная; котельная, отапливающая весь микрорайон; мост через речку Нижняя Патха, сокративший путь до села; открыли бассейна с сауной и спортивными снарядами. На первом этаже здания конторы оборудовали музей экспедиции. Это был уникальный музей. В нём были выставлены образцы лунного камня и всех семи тысяч разновидностей минералов, имеющихся на Земле. В самом Красном строится универсальная спортивная площадка в квартале благоустроенных домов по улице Северной; работает комбинат бытового обслуживания, а для работы пошивочного цеха предусматривается просторное помещение в новостройке; строится автоматическая телефонная станция; сдаётся в эксплуатацию общежитие. К началу 90-х годов вырастает целая улица 2-3 этажных домов, украсивших лицо посёлка."
"644";"1987";"Введён в эксплуатацию четвёртый турбоагрегат Николаевской ТЭЦ."
"645";"1987";"Построен и спущен на воду плавучий кормозавод по выработке витаминной муки для Николаевского птицесовхоза. Таких кормозаводов было два в СССР: один – на Оби и один – на Дальнем Востоке."
"646";"1987";"В морском порту открылся спорткомплекс из трёх залов."
"647";"1988";"Введён в эксплуатацию новый энергоблок (котёл № 6) Николаевской ТЭЦ."
"648";"1988";"Районный узел связи объединил РУС, ЭТУС, транспортную контору."
"649";"1988";"На Николаевском деревообрабатывающем комбинате подготовлены первые блоки из арболита."
"650";"1988";"Завершилось строительство 2-й очереди Николаевской ТЭЦ высокого давления: монтаж турбины, котлов, расширение склада мазута и строительство ЛЭП-110 кВ в поселке Многовершинный и подстанции."
"651";"1988";"Создано проектно-строительное объединение Нижнеамурстрой (на базе строительного треста № 23)."
"652";"1988";"Начата разработка цеолитов Нижне-Амурской геолого-разведочной экспедицией в 25-ти км. от с. Иннокентьевка."
"653";"1988";"Построен детский сад «Кораблик» на 280 мест с бассейном и зимним садом. С его вводом на судостроительном заводе ликвидирована очерёдность на устройство детей в детские дошкольные учреждения."
"654";"1988";"Построен и отправлен головной комплект блок-модулей верхних строений стационарных буровых установок для Демократической Республики Вьетнам."
"655";"1988";"В с. Красное открыт детский сад-ясли № 18, рассчитанные на 90 мест. Сад-ясли № 23 на тот момент посещали 125 детей. Построено здание начальной школы."
"656";"1988";"В с. Красное построен водно-оздоровительный комплекс."
"658";"1988";"К 1989 г. за 10 лет на Судостроительном заводе построено 11 тысячетонных барж-площадок проекта 942, 3 бункерные баржи, самоходный танкер проекта Р-135. Смонтированы два козловых крана грузоподъёмностью 20 т. каждый. В работе кран «Сокол» г/п 40 т., автопневматический кран 25 тонн и автокран «Ивановец», плавкран «ПТ-38», который добывает песок, занимается погрузкой и разгрузкой грузов. Отсыпана 750-метровая дамба, которая обеспечила безопасный отстой в менавигационный период всего флота, приписанного на техническое обслуживание РЭБ, и стоянку ПЛАВДОКА. В образованной бухте проведены дноуглубительные работы, которые позволяют безопасный отстой при низких уровнях Амура. Вместо причала установлен двухтысячный Лихтер-7 и обеспечен водо, энергоснабжением и воздухом. Он обеспечивала безопасный отстой, швартовку и выполнение технических работ двух и более судов «река-море» плавания. Интенсивно стал меняться флот. Стали появляться новейшие самоходные суда класса «река-море»: «Сормовский-40», «Сормовский-117», «Красное Сормово», «Профессор Керичев», «Анатолий Ванеев», «18 съезд ВЛКСМ» и другие; на замену несамоходным танкерам пришли новейшие самоходные: «Волгонефть-161», «Ленанефть-2059», «Ленанефть-2066», «Волгонефть-167», морской танкер «Волгонефть-301» и сухогрузы новейшей конструкции «Волга-4007» и «Волга-4009», которые в отличие от «Сормовских» и «Морских» вмещают в своих трюмах 5000 тонн груза, снабжены современной радионавигационной аппаратурой, автоматикой и улучшенными условиями для проживания и работы членов экипажа."
"659";"1988";"Касательно социального развития коллектива, улучшения условий труда и быта работников. Судостроители имеют 5 дошкольных учреждений на 900 мест, спортивный комплекс с плавательным бассейном, Дом культуры. Все цеха завода оборудованы бытовыми помещениями. На территории завода действует мед. комплекс, 5 столовых и буфетов. Имеется подсобное хозяйство, создан садово-огородный кооператив на 700 участков."
"660";"1989";"Начато строительство новой четырёхэтажной школы на 900 мест, на месте сгоревшей школы № 10 – будущая школа № 2."
"661";"1989";"Численность населения 46,7 тыс. человек. Население города непрерывно растет. Рождаемость по Николаевскому району и городу Николаевску-на-Амуре превышала смертность (естественный прирост), соотношение прибывших в район и город и выехавших из него (механический прирост/убыль) также имело положительное сальдо."
"662";"1989";"Заводом выпускается 24 вида товаров народного потребления на 1,98 миллиона рублей (дачные домики, обеденные столы, бельевые шкафы с антресолями, спальные мешки и пр. Было предусмотрено строительство специализированного цеха ТНП). Трём видам изделий присвоен государственый Знак качества. За годы 11-13 пятилеток коллектив завода девять раз занимал призовые места во Всесоюзном социалистическом соревновании."
"663";"1989";"Из свинарника при ССЗ (созданном по Постановлению пленума ЦК КПСС о создании необходимых подсобных хозяйств при пром. предприятиях) населению продано 538 поросят."
"664";"1989";"В трех средних специальных ученых заведениях( в техникуме, медицинском и педагогическом училищах) обучалось рекордное число студентов – 1174 человек."
"665";"1989";"Создано многоотраслевое производственное предприятие жилищно-коммунального хозяйства, объединившее предприятия: ККПиБ, управление водопроводно-канализационного хозяйства, горэлектросети, контору по сбору пищевых отходов."
"666";"1989";"Создан единый строительный комплекс из коллективов архитектурно-планировочной мастерской и проектно-строительного объединения Нижнеамурстрой."
"667";"1989";"При электромонтажном цехе судостроительного завода создан МЖСК."
"668";"1989";"На трассе, соединяющей г. Николаевск-на-Амуре и пос. Многовершинный, построен автодорожный мост через р. Лигу протяжённостью 65 м. С вводом в строй этого транспортного сооружения началось движение большегрузных автопоездов."
"669";"1989";"В Маго создано Нижнеамурское комплексное предприятие (бывший рейд морской сплотки)."
"670";"1989";"В с. Чля было построено двухэтажное кирпичное здание , в котором находился детский сад, позднее разместилась средняя школа. В начале 90-х годов проживало более 1800 человек."
"671";"1989";"В Озерпахе 590-600 жителей, включая сезонников: 140 пенсионеров, 172 ребенка, 270-230 человек – работающих. На его территории 2 предприятия – рыбобаза и лесоучасток Нижнеамурского рейда. На рыбобазе работает 25 человек – солят и морозят рыбу, сам поселок рыбой не снабжается – вся продукция поступает на рыбокомбинат в п. Чныррах. Лесоучасток теперь базовое предприятие, более крупное и более обеспеченное, на нем трудятся около 150 работающих. Все, что еще сохранилось в п. Озерпах, созданное и заложенное до 1969 г. – это заслуга рыбокомбината, после закрытия которого в поселке больше ничего не строится и уже имеющееся не ремонтируется."
"672";"1989";"В с. Пуир создан новый межколхозный рыбозавод."
"673";"1989";"В с. Красное для работы на жидком топливе реконструирована котельная. Посёлок получил гарантированное тепло, сумрачная, закоптелая кочегарка превратилась в светлый машинный зал, кочегары – в машинистов котельных установок. Параллельно велась реконструкция магистральных и некоторых второстепенных тепловых сетей, а также изыскание и обустройство водозабора с, достаточным для удовлетворения всех нужд, дебитом. В это же время прокладкой ЛЭП-8 была решена застарелая проблема стабильного энергоснабжения посёлка. Таким образом к началу 1990-х годов была заложена прочная база намечавшегося расширения сфер деятельности экспедиции. Планировалось создание рыборазводной станции и многое другое."
"674";"1990";"Завершено строительство основных мощностей Николаевской ТЭЦ – базисный склад мазута расширен до 160 тысяч тонн. В результате реконструкции и модернизации выработка электроэнергии на Николаевской ТЭЦ увеличилась в 12 раз, теплоэнергии – в 13,8 раз. Мощность самой теплоэлектростанции поднялась по электроэнергии до 130,6 МВт, по теплу – до 321 Гкал/час."
"675";"1990";"В Судостроительном техникуме В 1990 году открываются специальности для строительной отрасли: «Строительство зданий и сооружений», «Технология сварочного производства»."
"676";"1990";"Создано Николаевское-на-Амуре кинопредприятие."
"677";"1990";"На ССЗ происходит реконструкция свинофермы, строится новый кормоцех, проектируется строительство свинокомплекса на 1000 голов с цехом переработки мяса."
"678";"1990";"В трех средних специальных ученых заведениях( в техникуме, медицинском и педагогическом училищах) обучалось рекордное число студентов – 1174 человек."
"679";"1990";"Открылся коррекционный детский дом № 2 (ныне № 5) для детей – сирот и детей, оставшихся без попечения родителей."
"680";"1990";"На ССЗ разработана программа строительства благоустроенного жилья до 2000 г. В ней предусматривалось с 1991 г. сдавать по два крупнопанельных дома в год засчёт государственых вложений и не менее одного дома в два года, построенного хозяйственным способом. Только такие темпы позволили бы решить проблемы жилья (на момент 1990 г. завод строил в среднем 100 квартир в год)."
"681";"1990";"Запланировано строительство ПТУ на 700 учащихся с благоустроенными общежитиями, мастерскими, учебными и спортивными корпусами, Дворец культуры. В 1990 году решением общего собрания колхозников вновь был создан колхоз «Им. Блюхера», объединивший отделения в Оремифе, Алеевке и Макаровке. В «Ленинце» остались отделения в Иннокентьевке и Сахаровке."
"682";"1990";"Филиал Николаевской-на-Амуре музыкальной школы открылся в с. Константиновка (район). К началу 1990-х в селе располагались крупнейшее в районе лесозаготовительное предприятие, несколько лесоперерабатывающих, цех (филиал Николаевского-на-Амуре Судостроительного завода) по изготовлению и ремонту трансформаторов, электродвигателей, генераторных установок, дорожное строительно-ремонтное управление."
"683";"1990";"С. Красное. Летом на расширенном педагогическом совете при председателе исполкома сельского совета Волкове А.М., начальнике Нижне-Амурской экспедиции Драгомирове В.В. рассматривался проект постройки трехэтажной школы на 13 классов, рассчитанных на 504 школьника с бассейном, приусадебным участком и теплицей рядом со зданием старой школы с максимальным сохранением лесонасаждений. Данный проект был одобрен (протокол заседания от 22.02.1990г.).Но проект реализовать не удалось. В стране произошла контреволюция с реставрацией капитализма, что привело к экономическому кризису продолжающемуся по сей день. Решение о постройке школы осталось на бумаге"
"685";"1990";"Почти за 30 лет работы, вечерний техникум закончили 495 рабочих судостроительного завода.К 1990 году, почти за 30 лет работы, вечерний техникум за- кончили 495 рабочих судостроительного завода. Всего в 1990 году в городе в трех средних специальных ученых заведениях – в техникуме, медицинском и педагогическом училищах – обучалось рекордное число студентов – 1174 человек."
"686";"1990";"К началу 1990-х в селе Константиновка располагались крупнейшее в районе лесозаготовительное предприятие, несколько лесоперерабатывающих, цех (филиал Николаевского-на-Амуре Судостроительного завода) по изготовлению и ремонту трансформаторов, электродвигателей, генераторных установок, дорожное строительно-ремонтное управление."
"687";"1990";"По итогам переписи в г. Николаевске-на-Амуре и Николаевском районе проживало 56 тысяч человек."
"688";"1991";"Расширен спектр специальностей, по которым готовит специалистов ПТУ: сборщики корпусов металлических судов, электросварщики, столяры, плотники судовые, токари, слесари-монтажники, трубопроводчики судовые, мотористы-рулевые, повара. Кажый 5ый выпускник идёт работать на Судостроительный завод. Для более качественной подготовки завод выделил два участка, где проходят практику токари и судосборщики, оказал помощь в оснащении базы мастерских, где первокурсники проходят производственное обучение. В мастерских в наличии 31 единица сварочного, 8 кузнечно-прессового оборудования, 25 металлорежущих станков и для оработки древесины, а также 30 верстаков для обучения слесарной профессии и 30 столярной. Имеются 17 кабинетов, оборудованных телевизорами, киноаппаратурой и другими тех. средствами. Есть кабинет информатики и вычислительной техники, оснащен компьютерами, видеомагнитофоном и пр."
"689";"1991";"Открылась начальная школа № 6."
"690";"1991";"Судоремонт и судостроение являются ведущими отраслями города. На их долю (вместе с Николаевскрой РЭБ флота АУРПа) приходится до 50% всего объема промышленного производства города."
"691";"1991";"В пос. Лазарев открыта детская музыкальная школа."
"692";"1991";"Начато строительство нового СПТУ на 720 мест. В нём были предусмотрены учебный, общественно-бытовой корпуса, мастерские с современным оборудованием, общежитие, в комнатах которого будут проживать по 2-3 человека."
"693";"1991";"Золотоизвлекательная фабрика дала первое золото."
"695";"1991";"С вводом второй очереди ТЭЦ увеличилось производство электрической энергии. Завершено строительство ЛЭП, обеспечивающей поступление электроэнергии в села и поселки района, введен в действие водовод «Рассошино». Много труда и сил было отдано строительству птицеферм."
"696";"1991";"Был открыт первый в крае детский сад для детей-инвалидов. Построен ряд типовых школ. Первой построили школу в р.п.Лазарев, затем в р.п.Маго, школу № 5 в городе."
"697";"1991";"Период активного формирования системы дополнительного художественного образования в Николаевском районе начался с середины 1970-х гг. и завершился к 1990-м гг. В это время в сёлах и посёлках района открывались филиалы городской детской музыкальной школы. Всего в начале 1990-х гг. в городе успешно и плодотворно дополнительным художественным образованием детей занималось пять школ искусств и 2 филиала, в которых работало 55 преподавателей и обучалось более 700 детей."
"698";"1991";"Морской порт был весьма загружен, на рейде всегда стояло много морских судов, в том числе и иностранных. Здесь находилась база по снабжению северных районов края. Практически каждый день под марш «Прощание Славянки» от причала г. Николаевска-на-Амуре уходил большой пассажирский теплоход до Хабаровска."
